case,period,dataset,sample_id,seed,mirror_energy,target_energy,error_energy,hamai_error_db,status,reason
pure_periodic_mirror_error,2,aishell1,sample_001,-1,0.500973358137473,12.524359002117258,0.5009743600846905,-8.68588529757239e-06,ok,
pure_periodic_mirror_error,2,aishell1,sample_002,-1,0.4571822962820114,11.429580266176508,0.4571832106470603,-8.685885286964766e-06,ok,
pure_periodic_mirror_error,2,aishell1,sample_003,-1,0.331553186324502,8.288846235780127,0.33155384943120514,-8.685885281660955e-06,ok,
pure_periodic_mirror_error,2,aishell1,sample_004,-1,1.2484350622117388,31.210938977077603,1.2484375590831043,-8.685885269124671e-06,ok,
pure_periodic_mirror_error,2,aishell1,sample_005,-1,0.5242227416715649,13.10559475293931,0.5242237901175724,-8.685885294197236e-06,ok,
pure_periodic_mirror_error,2,aishell1,sample_006,-1,2.1187793815377756,52.96959047746651,2.118783619098659,-8.68588529853672e-06,ok,
pure_periodic_mirror_error,2,aishell1,sample_007,-1,0.5863833362009523,14.65961272420519,0.5863845089682079,-8.68588527201766e-06,ok,
pure_periodic_mirror_error,2,aishell1,sample_008,-1,0.695173764924189,17.379378881810364,0.6951751552724144,-8.685885297090225e-06,ok,
pure_periodic_mirror_error,2,aishell1,sample_009,-1,0.33223234532147833,8.305825244662511,0.33223300978650055,-8.685885286482602e-06,ok,
pure_periodic_mirror_error,2,aishell1,sample_010,-1,0.28906968045319253,7.226756464821024,0.2890702585928411,-8.685885273464155e-06,ok,
pure_periodic_mirror_error,2,librispeech_test_clean,sample_001,-1,15.799478229108681,394.98774570203375,15.799509828081389,-8.685885419077894e-06,ok,
pure_periodic_mirror_error,2,librispeech_test_clean,sample_002,-1,2.511861305003712,62.79665821822091,2.5118663287288356,-8.685885298054553e-06,ok,
pure_periodic_mirror_error,2,librispeech_test_clean,sample_003,-1,26.84041133602541,671.0116254218816,26.840465016875257,-8.685885349164011e-06,ok,
pure_periodic_mirror_error,2,librispeech_test_clean,sample_004,-1,4.08487188064042,102.12200125970605,4.08488005038824,-8.685885267678176e-06,ok,
pure_periodic_mirror_error,2,librispeech_test_clean,sample_005,-1,19.26100392593101,481.52606119897007,19.261042447958808,-8.685885449454269e-06,ok,
pure_periodic_mirror_error,2,librispeech_test_clean,sample_006,-1,13.41536531457395,335.38480363295423,13.415392145318188,-8.685885357842977e-06,ok,
pure_periodic_mirror_error,2,librispeech_test_clean,sample_007,-1,5.64800352012919,141.20037040354714,5.648014816141887,-8.685885302394037e-06,ok,
pure_periodic_mirror_error,2,librispeech_test_clean,sample_008,-1,14.12411850253834,353.10366876973774,14.124146750789626,-8.685885343378036e-06,ok,
pure_periodic_mirror_error,2,librispeech_test_clean,sample_009,-1,9.40642811820895,235.16117327686635,9.406446931074644,-8.685885318787636e-06,ok,
pure_periodic_mirror_error,2,librispeech_test_clean,sample_010,-1,2.225219810200386,55.630606516055934,2.22522426064224,-8.685885311555166e-06,ok,
pure_periodic_mirror_error,2,timit,sample_001,-1,1.61147494301377,40.28695414913285,1.611478165965289,-8.68588535302133e-06,ok,
pure_periodic_mirror_error,2,timit,sample_002,-1,0.6111421383291689,15.278584015351486,0.61114336061406,-8.685885319269801e-06,ok,
pure_periodic_mirror_error,2,timit,sample_003,-1,0.2962641758341619,7.406619209070241,0.2962647683628099,-8.685885295643731e-06,ok,
pure_periodic_mirror_error,2,timit,sample_004,-1,0.18691935289716852,4.672993168401532,0.1869197267360611,-8.685885292268576e-06,ok,
pure_periodic_mirror_error,2,timit,sample_005,-1,0.126748950200155,3.1687300924545587,0.12674920369818246,-8.68588530576919e-06,ok,
pure_periodic_mirror_error,2,timit,sample_006,-1,0.1881243712582945,4.7031186876806235,0.18812474750722497,-8.685885290822084e-06,ok,
pure_periodic_mirror_error,2,timit,sample_007,-1,0.13234716305369912,3.3086856937039393,0.13234742774815747,-8.685885291786414e-06,ok,
pure_periodic_mirror_error,2,timit,sample_008,-1,0.5565198264792927,13.913023487987573,0.5565209395195021,-8.685885294679401e-06,ok,
pure_periodic_mirror_error,2,timit,sample_009,-1,0.7392018003182825,18.480081968065797,0.7392032787226311,-8.685885346753188e-06,ok,
pure_periodic_mirror_error,2,timit,sample_010,-1,0.22946087675785662,5.7365333919960175,0.22946133567984117,-8.685885325055776e-06,ok,
pure_periodic_mirror_error,4,aishell1,sample_001,-1,0.5010208269648516,12.524359002117258,0.5010220666638133,-1.0745935562277933e-05,ok,
pure_periodic_mirror_error,4,aishell1,sample_002,-1,0.45751379519457713,11.429580266176508,0.4575149265290244,-1.0739166891027887e-05,ok,
pure_periodic_mirror_error,4,aishell1,sample_003,-1,0.33131878589825264,8.288846235780127,0.3313196063533411,-1.0754556987469223e-05,ok,
pure_periodic_mirror_error,4,aishell1,sample_004,-1,1.2480402036286449,31.210938977077603,1.2480432929818481,-1.0750353909512379e-05,ok,
pure_periodic_mirror_error,4,aishell1,sample_005,-1,0.524176467886952,13.10559475293931,0.5241777651183864,-1.0747902492378178e-05,ok,
pure_periodic_mirror_error,4,aishell1,sample_006,-1,2.1195212650888786,52.96959047746651,2.1195265081792654,-1.0743192079528263e-05,ok,
pure_periodic_mirror_error,4,aishell1,sample_007,-1,0.58644913403661,14.65961272420519,0.5864505850894495,-1.0745748009764898e-05,ok,
pure_periodic_mirror_error,4,aishell1,sample_008,-1,0.6944594781608093,17.379378881810364,0.694461198424332,-1.0758007536162528e-05,ok,
pure_periodic_mirror_error,4,aishell1,sample_009,-1,0.33256775043504366,8.305825244662511,0.33256857257076633,-1.0736115150602485e-05,ok,
pure_periodic_mirror_error,4,aishell1,sample_010,-1,0.28897752127904647,7.226756464821024,0.28897823660527383,-1.0750381117114869e-05,ok,
pure_periodic_mirror_error,4,librispeech_test_clean,sample_001,-1,15.809769194311388,394.98774570203375,15.80980829139404,-1.073995834498451e-05,ok,
pure_periodic_mirror_error,4,librispeech_test_clean,sample_002,-1,2.515696636814647,62.79665821822091,2.515702852617959,-1.0730569435732044e-05,ok,
pure_periodic_mirror_error,4,librispeech_test_clean,sample_003,-1,26.838710905553683,671.0116254218816,26.838777324315462,-1.0747634692674172e-05,ok,
pure_periodic_mirror_error,4,librispeech_test_clean,sample_004,-1,4.108426831087134,102.12200125970605,4.10843693943196,-1.0685338109004988e-05,ok,
pure_periodic_mirror_error,4,librispeech_test_clean,sample_005,-1,19.255728438048415,481.52606119897007,19.25577610095567,-1.0749898172527399e-05,ok,
pure_periodic_mirror_error,4,librispeech_test_clean,sample_006,-1,13.423753248778524,335.38480363295423,13.423786446181538,-1.0740238477020345e-05,ok,
pure_periodic_mirror_error,4,librispeech_test_clean,sample_007,-1,5.666512670421546,141.20037040354714,5.666526646861621,-1.071184989559786e-05,ok,
pure_periodic_mirror_error,4,librispeech_test_clean,sample_008,-1,14.093911696419312,353.10366876973774,14.093946647688906,-1.0769987088224927e-05,ok,
pure_periodic_mirror_error,4,librispeech_test_clean,sample_009,-1,9.407658206428,235.16117327686635,9.407681483392725,-1.0745548581529737e-05,ok,
pure_periodic_mirror_error,4,librispeech_test_clean,sample_010,-1,2.218563206222324,55.630606516055934,2.218568712708101,-1.0779198956243603e-05,ok,
pure_periodic_mirror_error,4,timit,sample_001,-1,1.6088152811064482,40.28695414913285,1.608819268831119,-1.0764720436389001e-05,ok,
pure_periodic_mirror_error,4,timit,sample_002,-1,0.6116191292135262,15.278584015351486,0.6116206415340244,-1.0738572484857997e-05,ok,
pure_periodic_mirror_error,4,timit,sample_003,-1,0.29462309680299714,7.406619209070241,0.294623829932579,-1.0806815189922855e-05,ok,
pure_periodic_mirror_error,4,timit,sample_004,-1,0.1869100113141387,4.672993168401532,0.18691047386114645,-1.0747490897592474e-05,ok,
pure_periodic_mirror_error,4,timit,sample_005,-1,0.1281397313796569,3.1687300924545587,0.1281400450301559,-1.0630310582741828e-05,ok,
pure_periodic_mirror_error,4,timit,sample_006,-1,0.18846394948968412,4.7031186876806235,0.1884644150186076,-1.0727589731716701e-05,ok,
pure_periodic_mirror_error,4,timit,sample_007,-1,0.1332746928293619,3.3086856937039393,0.13327502033308852,-1.067216014446872e-05,ok,
pure_periodic_mirror_error,4,timit,sample_008,-1,0.554527890577559,13.913023487987573,0.5545292677307285,-1.0785558124880367e-05,ok,
pure_periodic_mirror_error,4,timit,sample_009,-1,0.7342153761297628,18.480081968065797,0.7342172053441957,-1.0819941540557963e-05,ok,
pure_periodic_mirror_error,4,timit,sample_010,-1,0.22927263064902376,5.7365333919960175,0.22927319846846086,-1.0755777616912684e-05,ok,
pure_periodic_mirror_error,8,aishell1,sample_001,-1,0.5019029103617925,12.524359002117258,0.5019040169128393,-9.574929212289345e-06,ok,
pure_periodic_mirror_error,8,aishell1,sample_002,-1,0.45787327560070884,11.429580266176508,0.45787428542596315,-9.578219026553122e-06,ok,
pure_periodic_mirror_error,8,aishell1,sample_003,-1,0.33132125345400365,8.288846235780127,0.33132198578940303,-9.599410482825753e-06,ok,
pure_periodic_mirror_error,8,aishell1,sample_004,-1,1.2449019277290858,31.210938977077603,1.2449046852751555,-9.61992016106568e-06,ok,
pure_periodic_mirror_error,8,aishell1,sample_005,-1,0.5228779507773031,13.10559475293931,0.52287910868163,-9.617366771535794e-06,ok,
pure_periodic_mirror_error,8,aishell1,sample_006,-1,2.111598744937851,52.96959047746651,2.1116034249023237,-9.625315882691301e-06,ok,
pure_periodic_mirror_error,8,aishell1,sample_007,-1,0.5837072056643102,14.65961272420519,0.5837085008690911,-9.636675026801861e-06,ok,
pure_periodic_mirror_error,8,aishell1,sample_008,-1,0.7075355290953458,17.379378881810364,0.707537064596714,-9.425096268642535e-06,ok,
pure_periodic_mirror_error,8,aishell1,sample_009,-1,0.3321734032022894,8.305825244662511,0.33217413703781645,-9.59439753209705e-06,ok,
pure_periodic_mirror_error,8,aishell1,sample_010,-1,0.28964731572340946,7.226756464821024,0.28964795422115164,-9.573565002698278e-06,ok,
pure_periodic_mirror_error,8,librispeech_test_clean,sample_001,-1,15.777861350372671,394.98774570203375,15.77789624829456,-9.605838084349363e-06,ok,
pure_periodic_mirror_error,8,librispeech_test_clean,sample_002,-1,2.500625093147972,62.79665821822091,2.5006306413526493,-9.63579870239766e-06,ok,
pure_periodic_mirror_error,8,librispeech_test_clean,sample_003,-1,26.75988332974047,671.0116254218816,26.759942614899256,-9.62156242643335e-06,ok,
pure_periodic_mirror_error,8,librispeech_test_clean,sample_004,-1,4.013510023929481,102.12200125970605,4.013519046603144,-9.76325698970776e-06,ok,
pure_periodic_mirror_error,8,librispeech_test_clean,sample_005,-1,19.10630314086712,481.52606119897007,19.10634568461414,-9.6703657761551e-06,ok,
pure_periodic_mirror_error,8,librispeech_test_clean,sample_006,-1,13.533180557477264,335.38480363295423,13.53321018936579,-9.509184874525004e-06,ok,
pure_periodic_mirror_error,8,librispeech_test_clean,sample_007,-1,5.6895003569918465,141.20037040354714,5.689512832314465,-9.522730456773108e-06,ok,
pure_periodic_mirror_error,8,librispeech_test_clean,sample_008,-1,13.846586281604214,353.10366876973774,13.84661747898688,-9.784964758133243e-06,ok,
pure_periodic_mirror_error,8,librispeech_test_clean,sample_009,-1,9.425132176117312,235.16117327686635,9.425152953056298,-9.573658849325543e-06,ok,
pure_periodic_mirror_error,8,librispeech_test_clean,sample_010,-1,2.1686202509676686,55.630606516055934,2.1686251660378275,-9.843057714676802e-06,ok,
pure_periodic_mirror_error,8,timit,sample_001,-1,1.6084907901480805,40.28695414913285,1.6084943495774442,-9.610492210939897e-06,ok,
pure_periodic_mirror_error,8,timit,sample_002,-1,0.6160892657371959,15.278584015351486,0.6160906156293002,-9.515667329874548e-06,ok,
pure_periodic_mirror_error,8,timit,sample_003,-1,0.2978338952000277,7.406619209070241,0.2978345495889909,-9.542137685585424e-06,ok,
pure_periodic_mirror_error,8,timit,sample_004,-1,0.17973099272885235,4.672993168401532,0.1797314055967003,-9.976355188224741e-06,ok,
pure_periodic_mirror_error,8,timit,sample_005,-1,0.12546194750072623,3.1687300924545587,0.12546222746407695,-9.691097987772335e-06,ok,
pure_periodic_mirror_error,8,timit,sample_006,-1,0.19042712578846813,4.7031186876806235,0.1904275413179975,-9.476695299192688e-06,ok,
pure_periodic_mirror_error,8,timit,sample_007,-1,0.14159505241256987,3.3086856937039393,0.14159534474130242,-8.96617658804351e-06,ok,
pure_periodic_mirror_error,8,timit,sample_008,-1,0.5954643928520654,13.913023487987573,0.5954656220943999,-8.965315443766754e-06,ok,
pure_periodic_mirror_error,8,timit,sample_009,-1,0.7750456916912941,18.480081968065797,0.7750473244419714,-9.149058825351784e-06,ok,
pure_periodic_mirror_error,8,timit,sample_010,-1,0.22888803663522664,5.7365333919960175,0.22888854346890863,-9.616703033596222e-06,ok,
pure_periodic_mirror_error,16,aishell1,sample_001,-1,0.49620065243816086,12.524359002117258,0.49620170386516704,-9.202496225809227e-06,ok,
pure_periodic_mirror_error,16,aishell1,sample_002,-1,0.45657380809630715,11.429580266176508,0.4565747676160335,-9.126973057890587e-06,ok,
pure_periodic_mirror_error,16,aishell1,sample_003,-1,0.32942675983657504,8.288846235780127,0.32942745568989784,-9.17366091577754e-06,ok,
pure_periodic_mirror_error,16,aishell1,sample_004,-1,1.2150158915409779,31.210938977077603,1.2150185117168457,-9.365529306708927e-06,ok,
pure_periodic_mirror_error,16,aishell1,sample_005,-1,0.5252558663876292,13.10559475293931,0.525256966609726,-9.096897638480658e-06,ok,
pure_periodic_mirror_error,16,aishell1,sample_006,-1,2.1107265052995903,52.96959047746651,2.110730952126655,-9.149600467051297e-06,ok,
pure_periodic_mirror_error,16,aishell1,sample_007,-1,0.5946665784378051,14.65961272420519,0.5946678091206128,-8.987863428946361e-06,ok,
pure_periodic_mirror_error,16,aishell1,sample_008,-1,0.7029353887793295,17.379378881810364,0.7029368477880416,-9.014182316621524e-06,ok,
pure_periodic_mirror_error,16,aishell1,sample_009,-1,0.33192016658900575,8.305825244662511,0.33192086386773245,-9.123398206975107e-06,ok,
pure_periodic_mirror_error,16,aishell1,sample_010,-1,0.28744881952291557,7.226756464821024,0.28744942621320335,-9.166221889467361e-06,ok,
pure_periodic_mirror_error,16,librispeech_test_clean,sample_001,-1,16.043812365826966,394.98774570203375,16.043845525272538,-8.976014568210292e-06,ok,
pure_periodic_mirror_error,16,librispeech_test_clean,sample_002,-1,2.4859247371617865,62.79665821822091,2.4859300089766783,-9.209923595848567e-06,ok,
pure_periodic_mirror_error,16,librispeech_test_clean,sample_003,-1,26.79219248411444,671.0116254218816,26.79224881591995,-9.131229773175783e-06,ok,
pure_periodic_mirror_error,16,librispeech_test_clean,sample_004,-1,3.8209679009640047,102.12200125970605,3.820976474162855,-9.744360257691289e-06,ok,
pure_periodic_mirror_error,16,librispeech_test_clean,sample_005,-1,19.09240819300367,481.52606119897007,19.092448617388325,-9.195313878892195e-06,ok,
pure_periodic_mirror_error,16,librispeech_test_clean,sample_006,-1,13.195217600058148,335.38480363295423,13.195245755801393,-9.266895969202458e-06,ok,
pure_periodic_mirror_error,16,librispeech_test_clean,sample_007,-1,5.623390753786012,141.20037040354714,5.623402607636895,-9.154719683002252e-06,ok,
pure_periodic_mirror_error,16,librispeech_test_clean,sample_008,-1,14.06113521574585,353.10366876973774,14.061164858998444,-9.155652982307036e-06,ok,
pure_periodic_mirror_error,16,librispeech_test_clean,sample_009,-1,9.407795706718407,235.16117327686635,9.407815448631919,-9.113500518085415e-06,ok,
pure_periodic_mirror_error,16,librispeech_test_clean,sample_010,-1,2.18413775592879,55.630606516055934,2.184142426149538,-9.286268350824017e-06,ok,
pure_periodic_mirror_error,16,timit,sample_001,-1,1.550723915717105,40.28695414913285,1.5507272978294917,-9.4719061854102e-06,ok,
pure_periodic_mirror_error,16,timit,sample_002,-1,0.6362603365735972,15.278584015351486,0.6362616192194464,-8.75499258764968e-06,ok,
pure_periodic_mirror_error,16,timit,sample_003,-1,0.29051765646809224,7.406619209070241,0.2905182782579443,-9.295118787398348e-06,ok,
pure_periodic_mirror_error,16,timit,sample_004,-1,0.18768477772093242,4.672993168401532,0.18768517002135532,-9.077653122489344e-06,ok,
pure_periodic_mirror_error,16,timit,sample_005,-1,0.1298926120644124,3.1687300924545587,0.12989287808110633,-8.894229019420663e-06,ok,
pure_periodic_mirror_error,16,timit,sample_006,-1,0.20080824032687122,4.7031186876806235,0.20080863515638347,-8.53909728059615e-06,ok,
pure_periodic_mirror_error,16,timit,sample_007,-1,0.14312333188259613,3.3086856937039393,0.14312360964866305,-8.428545610151226e-06,ok,
pure_periodic_mirror_error,16,timit,sample_008,-1,0.5933006178379527,13.913023487987573,0.5933017858442529,-8.54976678605972e-06,ok,
pure_periodic_mirror_error,16,timit,sample_009,-1,0.8010367682273941,18.480081968065797,0.8010383196409162,-8.411220383954905e-06,ok,
pure_periodic_mirror_error,16,timit,sample_010,-1,0.22778830459179739,5.7365333919960175,0.2277887861770146,-9.181752403104226e-06,ok,
rms_matched_gaussian_prediction,2,aishell1,sample_001,20260908,9.843712490143814e-05,12.524359002117258,25.10176199260199,-54.06545282421176,ok,
rms_matched_gaussian_prediction,2,aishell1,sample_001,20260909,0.0005270922403897687,12.524359002117258,24.93305041504606,-46.748887915798846,ok,
rms_matched_gaussian_prediction,2,aishell1,sample_001,20260910,1.9243030027922754e-08,12.524359002117258,25.09921298847139,-91.15364078052542,ok,
rms_matched_gaussian_prediction,2,aishell1,sample_001,20260911,5.331384561379285e-06,12.524359002117258,24.986650208356018,-66.70867945620053,ok,
rms_matched_gaussian_prediction,2,aishell1,sample_001,20260912,8.941086719223643e-06,12.524359002117258,24.998491257810908,-64.46523442667353,ok,
rms_matched_gaussian_prediction,2,aishell1,sample_002,20260908,7.767281188291615e-05,11.429580266176508,22.930239596900428,-54.70139559472983,ok,
rms_matched_gaussian_prediction,2,aishell1,sample_002,20260909,8.252511868603496e-05,11.429580266176508,22.89747923419633,-54.43201510968058,ok,
rms_matched_gaussian_prediction,2,aishell1,sample_002,20260910,0.0001459912436527145,11.429580266176508,22.860433340580027,-51.947576474147716,ok,
rms_matched_gaussian_prediction,2,aishell1,sample_002,20260911,3.0506377559162816e-06,11.429580266176508,22.79641812475188,-68.73475830745777,ok,
rms_matched_gaussian_prediction,2,aishell1,sample_002,20260912,6.124302000657141e-05,11.429580266176508,22.879235375899366,-55.72384900731285,ok,
rms_matched_gaussian_prediction,2,aishell1,sample_003,20260908,3.987435603047614e-06,8.288846235780127,16.477640824338387,-66.16201240781791,ok,
rms_matched_gaussian_prediction,2,aishell1,sample_003,20260909,8.128153937471104e-05,8.288846235780127,16.554719206378444,-53.089298934684265,ok,
rms_matched_gaussian_prediction,2,aishell1,sample_003,20260910,3.8964979239364087e-07,8.288846235780127,16.574443348464786,-76.28763387814458,ok,
rms_matched_gaussian_prediction,2,aishell1,sample_003,20260911,2.556094803475841e-05,8.288846235780127,16.48866303828136,-58.096084684664824,ok,
rms_matched_gaussian_prediction,2,aishell1,sample_003,20260912,4.4172114764845274e-05,8.288846235780127,16.47790361860871,-55.7175375660384,ok,
rms_matched_gaussian_prediction,2,aishell1,sample_004,20260908,6.921329828852374e-05,31.210938977077603,62.91950238616174,-59.58595727378359,ok,
rms_matched_gaussian_prediction,2,aishell1,sample_004,20260909,5.7020518959979935e-05,31.210938977077603,62.38843205168202,-60.39072897817349,ok,
rms_matched_gaussian_prediction,2,aishell1,sample_004,20260910,0.0004032906686976524,31.210938977077603,62.556718955202015,-51.90655787751135,ok,
rms_matched_gaussian_prediction,2,aishell1,sample_004,20260911,0.00023042958203178037,31.210938977077603,62.52350417726481,-54.33505076428916,ok,
rms_matched_gaussian_prediction,2,aishell1,sample_004,20260912,0.0005280406821873145,31.210938977077603,62.554975799946014,-50.73594476134432,ok,
rms_matched_gaussian_prediction,2,aishell1,sample_005,20260908,4.4951465689559155e-06,13.10559475293931,25.9587881387266,-67.61540460437728,ok,
rms_matched_gaussian_prediction,2,aishell1,sample_005,20260909,8.070163977754532e-06,13.10559475293931,26.359280822448415,-65.1405114388125,ok,
rms_matched_gaussian_prediction,2,aishell1,sample_005,20260910,2.815616745788327e-05,13.10559475293931,26.272233100192032,-59.69923433815427,ok,
rms_matched_gaussian_prediction,2,aishell1,sample_005,20260911,4.959109857506434e-05,13.10559475293931,26.22844559687276,-57.23368815380131,ok,
rms_matched_gaussian_prediction,2,aishell1,sample_005,20260912,0.0003849253366392238,13.10559475293931,26.062026513189686,-48.306316828726075,ok,
rms_matched_gaussian_prediction,2,aishell1,sample_006,20260908,5.5030787173825594e-05,52.96959047746651,106.53577228458059,-62.868897254512405,ok,
rms_matched_gaussian_prediction,2,aishell1,sample_006,20260909,0.002495598219527955,52.96959047746651,105.73429480138925,-46.27041205803607,ok,
rms_matched_gaussian_prediction,2,aishell1,sample_006,20260910,9.902197745718714e-05,52.96959047746651,105.29150926160588,-60.266617516848655,ok,
rms_matched_gaussian_prediction,2,aishell1,sample_006,20260911,0.00036593575016719503,52.96959047746651,106.44561027562095,-54.63722914983546,ok,
rms_matched_gaussian_prediction,2,aishell1,sample_006,20260912,0.00040982122721196424,52.96959047746651,105.51649014831656,-54.107258860651456,ok,
rms_matched_gaussian_prediction,2,aishell1,sample_007,20260908,7.567373958281602e-05,14.65961272420519,29.454495443492924,-55.90206385810997,ok,
rms_matched_gaussian_prediction,2,aishell1,sample_007,20260909,5.475734314627695e-05,14.65961272420519,29.352132347402144,-57.29197281247416,ok,
rms_matched_gaussian_prediction,2,aishell1,sample_007,20260910,6.51528469456899e-05,14.65961272420519,29.227811206238016,-56.5186288916592,ok,
rms_matched_gaussian_prediction,2,aishell1,sample_007,20260911,5.27415648950207e-05,14.65961272420519,29.183186290804823,-57.42979687632328,ok,
rms_matched_gaussian_prediction,2,aishell1,sample_007,20260912,2.966546403498444e-05,14.65961272420519,29.35391715243516,-59.954149034438025,ok,
rms_matched_gaussian_prediction,2,aishell1,sample_008,20260908,0.0001231080569261393,17.379378881810364,34.77826009748173,-54.51021370916898,ok,
rms_matched_gaussian_prediction,2,aishell1,sample_008,20260909,0.0003234478284331742,17.379378881810364,34.672641269897895,-50.301826852599795,ok,
rms_matched_gaussian_prediction,2,aishell1,sample_008,20260910,8.047615888855091e-05,17.379378881810364,34.843993689180316,-56.36460681597737,ok,
rms_matched_gaussian_prediction,2,aishell1,sample_008,20260911,6.412495389638747e-05,17.379378881810364,34.8078459079872,-57.34650075046238,ok,
rms_matched_gaussian_prediction,2,aishell1,sample_008,20260912,0.0005675085078670917,17.379378881810364,34.901956410393915,-47.88877394331713,ok,
rms_matched_gaussian_prediction,2,aishell1,sample_009,20260908,0.00010532365520485498,8.305825244662511,16.51739210195406,-51.95415551716641,ok,
rms_matched_gaussian_prediction,2,aishell1,sample_009,20260909,6.192443252862407e-05,8.305825244662511,16.53716444751686,-54.2659900265391,ok,
rms_matched_gaussian_prediction,2,aishell1,sample_009,20260910,0.00018985317022004127,8.305825244662511,16.61354263329959,-49.420443944829884,ok,
rms_matched_gaussian_prediction,2,aishell1,sample_009,20260911,1.9046726835084043e-05,8.305825244662511,16.401919391511722,-59.35074297129388,ok,
rms_matched_gaussian_prediction,2,aishell1,sample_009,20260912,0.00022169959186617294,8.305825244662511,16.733536758854616,-48.778228465018316,ok,
rms_matched_gaussian_prediction,2,aishell1,sample_010,20260908,4.8803726273254426e-06,7.226756464821024,14.466849818154309,-64.71920901422808,ok,
rms_matched_gaussian_prediction,2,aishell1,sample_010,20260909,4.415468117286885e-05,7.226756464821024,14.425000082277673,-55.141390612605896,ok,
rms_matched_gaussian_prediction,2,aishell1,sample_010,20260910,0.00036697549589809815,7.226756464821024,14.395234795034655,-45.93581685676562,ok,
rms_matched_gaussian_prediction,2,aishell1,sample_010,20260911,2.5343867414235137e-05,7.226756464821024,14.51834778900412,-57.58044290724101,ok,
rms_matched_gaussian_prediction,2,aishell1,sample_010,20260912,3.9133470082164654e-05,7.226756464821024,14.395974792203681,-55.65692706618275,ok,
rms_matched_gaussian_prediction,2,librispeech_test_clean,sample_001,20260908,0.0012507699118473195,394.98774570203375,791.3592379413308,-58.01196250683341,ok,
rms_matched_gaussian_prediction,2,librispeech_test_clean,sample_001,20260909,0.0003690789175714439,394.98774570203375,789.7737233070005,-63.303834407308635,ok,
rms_matched_gaussian_prediction,2,librispeech_test_clean,sample_001,20260910,0.00013451046107278812,394.98774570203375,790.0150024087914,-67.68879274044536,ok,
rms_matched_gaussian_prediction,2,librispeech_test_clean,sample_001,20260911,0.006872885782857372,394.98774570203375,790.2951121875981,-50.60650169221993,ok,
rms_matched_gaussian_prediction,2,librispeech_test_clean,sample_001,20260912,0.00012646100045679868,394.98774570203375,789.9072275206748,-67.95619470856225,ok,
rms_matched_gaussian_prediction,2,librispeech_test_clean,sample_002,20260908,5.109320164619937e-05,62.79665821822091,125.49845925697728,-63.902752678520294,ok,
rms_matched_gaussian_prediction,2,librispeech_test_clean,sample_002,20260909,0.00015861632006251118,62.79665821822091,125.08996070688679,-58.96874583441704,ok,
rms_matched_gaussian_prediction,2,librispeech_test_clean,sample_002,20260910,0.0013427951209736355,62.79665821822091,124.37491707077463,-49.6672304928054,ok,
rms_matched_gaussian_prediction,2,librispeech_test_clean,sample_002,20260911,2.3789715156283137e-07,62.79665821822091,124.72331918666916,-87.19556592312686,ok,
rms_matched_gaussian_prediction,2,librispeech_test_clean,sample_002,20260912,0.0010431887669256929,62.79665821822091,125.18508337922597,-50.79189680592634,ok,
rms_matched_gaussian_prediction,2,librispeech_test_clean,sample_003,20260908,1.7248443050737335e-05,671.0116254218816,1343.8819322636095,-78.9161119083363,ok,
rms_matched_gaussian_prediction,2,librispeech_test_clean,sample_003,20260909,0.003986529327287944,671.0116254218816,1339.974465425793,-55.26501559041912,ok,
rms_matched_gaussian_prediction,2,librispeech_test_clean,sample_003,20260910,0.00454299668133118,671.0116254218816,1342.832220598715,-54.70679333726211,ok,
rms_matched_gaussian_prediction,2,librispeech_test_clean,sample_003,20260911,0.00015671531645970561,671.0116254218816,1341.6855577107162,-69.32539298153985,ok,
rms_matched_gaussian_prediction,2,librispeech_test_clean,sample_003,20260912,0.00012190762167270031,671.0116254218816,1338.9685041605665,-70.40739499305639,ok,
rms_matched_gaussian_prediction,2,librispeech_test_clean,sample_004,20260908,0.0015474561472947964,102.12200125970605,205.07319261117155,-51.222905417762014,ok,
rms_matched_gaussian_prediction,2,librispeech_test_clean,sample_004,20260909,1.1751995097745469e-07,102.12200125970605,205.32477288222884,-92.4232605400981,ok,
rms_matched_gaussian_prediction,2,librispeech_test_clean,sample_004,20260910,0.0010785805752419853,102.12200125970605,206.89679814349725,-52.829011747666584,ok,
rms_matched_gaussian_prediction,2,librispeech_test_clean,sample_004,20260911,0.0029844172785052662,102.12200125970605,203.98180211119904,-48.34731878461614,ok,
rms_matched_gaussian_prediction,2,librispeech_test_clean,sample_004,20260912,0.0003366510461090035,102.12200125970605,204.6748419213483,-57.83884494016362,ok,
rms_matched_gaussian_prediction,2,librispeech_test_clean,sample_005,20260908,0.0014759756289510239,481.52606119897007,961.8668047811933,-58.140357501043624,ok,
rms_matched_gaussian_prediction,2,librispeech_test_clean,sample_005,20260909,1.0749162811559805e-05,481.52606119897007,963.9269881306736,-79.52669458510705,ok,
rms_matched_gaussian_prediction,2,librispeech_test_clean,sample_005,20260910,0.0017645015026967023,481.52606119897007,962.7820642787507,-57.36905958382933,ok,
rms_matched_gaussian_prediction,2,librispeech_test_clean,sample_005,20260911,4.064746554424424e-05,481.52606119897007,961.5202343430285,-73.73924945738074,ok,
rms_matched_gaussian_prediction,2,librispeech_test_clean,sample_005,20260912,0.0006666330608837398,481.52606119897007,962.1030089656073,-61.59334724066136,ok,
rms_matched_gaussian_prediction,2,librispeech_test_clean,sample_006,20260908,0.0012004424877891853,335.38480363295423,671.3218741244607,-57.47589439757388,ok,
rms_matched_gaussian_prediction,2,librispeech_test_clean,sample_006,20260909,0.0002918530999626742,335.38480363295423,672.16264951375,-63.6231006400381,ok,
rms_matched_gaussian_prediction,2,librispeech_test_clean,sample_006,20260910,0.002688502183236567,335.38480363295423,669.184756168034,-53.96035645652596,ok,
rms_matched_gaussian_prediction,2,librispeech_test_clean,sample_006,20260911,5.029562349563848e-05,335.38480363295423,667.9893036830739,-71.2323930336542,ok,
rms_matched_gaussian_prediction,2,librispeech_test_clean,sample_006,20260912,0.0008643048509204823,335.38480363295423,671.318667325217,-58.9026177276621,ok,
rms_matched_gaussian_prediction,2,librispeech_test_clean,sample_007,20260908,0.00939806817846955,141.20037040354714,280.8839674029397,-44.75488359439298,ok,
rms_matched_gaussian_prediction,2,librispeech_test_clean,sample_007,20260909,0.0013315321477791414,141.20037040354714,281.17915536036145,-53.246314654163754,ok,
rms_matched_gaussian_prediction,2,librispeech_test_clean,sample_007,20260910,0.002785590108845562,141.20037040354714,283.9138103579821,-50.08269306505674,ok,
rms_matched_gaussian_prediction,2,librispeech_test_clean,sample_007,20260911,0.00022994810004245381,141.20037040354714,281.1659127791357,-60.873328403034,ok,
rms_matched_gaussian_prediction,2,librispeech_test_clean,sample_007,20260912,0.0008156409871366341,141.20037040354714,282.87460666673337,-55.40094920971321,ok,
rms_matched_gaussian_prediction,2,librispeech_test_clean,sample_008,20260908,0.001412301574524969,353.10366876973774,707.502460200799,-56.99800510771794,ok,
rms_matched_gaussian_prediction,2,librispeech_test_clean,sample_008,20260909,0.0018578304940869404,353.10366876973774,706.3461493495082,-55.80011494681314,ok,
rms_matched_gaussian_prediction,2,librispeech_test_clean,sample_008,20260910,0.00031883592263336815,353.10366876973774,708.2710003999556,-63.46632212344589,ok,
rms_matched_gaussian_prediction,2,librispeech_test_clean,sample_008,20260911,0.023370608050024447,353.10366876973774,707.8022881592943,-44.8124195036461,ok,
rms_matched_gaussian_prediction,2,librispeech_test_clean,sample_008,20260912,0.005483416676582024,353.10366876973774,704.0377920425606,-51.085447236592636,ok,
rms_matched_gaussian_prediction,2,librispeech_test_clean,sample_009,20260908,0.002569888129784241,235.16117327686635,468.9826920282142,-52.61242596651246,ok,
rms_matched_gaussian_prediction,2,librispeech_test_clean,sample_009,20260909,1.2023854456473802e-05,235.16117327686635,469.6000123138389,-75.91684352843272,ok,
rms_matched_gaussian_prediction,2,librispeech_test_clean,sample_009,20260910,0.004202851958350758,235.16117327686635,471.86817042049495,-50.50276590512809,ok,
rms_matched_gaussian_prediction,2,librispeech_test_clean,sample_009,20260911,0.0018803678790242143,235.16117327686635,470.07686170371306,-53.97926050642126,ok,
rms_matched_gaussian_prediction,2,librispeech_test_clean,sample_009,20260912,0.0025427913292706437,235.16117327686635,469.6477457985821,-52.664615201438885,ok,
rms_matched_gaussian_prediction,2,librispeech_test_clean,sample_010,20260908,0.0009417306299090073,55.630606516055934,111.52709162479071,-50.73453680332683,ok,
rms_matched_gaussian_prediction,2,librispeech_test_clean,sample_010,20260909,6.39031803016042e-05,55.630606516055934,110.71194869221362,-62.38672015809138,ok,
rms_matched_gaussian_prediction,2,librispeech_test_clean,sample_010,20260910,0.0009495539736737095,55.630606516055934,111.84437147896868,-50.7109447729558,ok,
rms_matched_gaussian_prediction,2,librispeech_test_clean,sample_010,20260911,0.0024098811109943036,55.630606516055934,111.79224938443768,-46.664160769167935,ok,
rms_matched_gaussian_prediction,2,librispeech_test_clean,sample_010,20260912,0.00016063994576111918,55.630606516055934,112.19362601421774,-58.44114632790059,ok,
rms_matched_gaussian_prediction,2,timit,sample_001,20260908,0.0005229944515038141,40.28695414913285,80.58071167569352,-51.877340164352276,ok,
rms_matched_gaussian_prediction,2,timit,sample_001,20260909,1.6158323638737065e-06,40.28695414913285,80.50345942570591,-76.97417972199295,ok,
rms_matched_gaussian_prediction,2,timit,sample_001,20260910,0.00041809186872832283,40.28695414913285,80.70790892076589,-52.856443729393796,ok,
rms_matched_gaussian_prediction,2,timit,sample_001,20260911,7.70903775138371e-05,40.28695414913285,80.15433723812204,-60.169268494087625,ok,
rms_matched_gaussian_prediction,2,timit,sample_001,20260912,3.9237405122034685e-05,40.28695414913285,80.95394355290222,-63.14537719992458,ok,
rms_matched_gaussian_prediction,2,timit,sample_002,20260908,0.00029561698001586193,15.278584015351486,30.470882579415395,-50.13155656151213,ok,
rms_matched_gaussian_prediction,2,timit,sample_002,20260909,0.0005021451317047241,15.278584015351486,30.539789809792424,-47.84036786267084,ok,
rms_matched_gaussian_prediction,2,timit,sample_002,20260910,0.0002136418566765664,15.278584015351486,30.641765947371137,-51.56627445329996,ok,
rms_matched_gaussian_prediction,2,timit,sample_002,20260911,1.368125743513799e-05,15.278584015351486,30.458550932530898,-63.47583191229299,ok,
rms_matched_gaussian_prediction,2,timit,sample_002,20260912,0.0002623485501807242,15.278584015351486,30.671329226905875,-50.67853927592527,ok,
rms_matched_gaussian_prediction,2,timit,sample_003,20260908,0.0005239689005746995,7.406619209070241,14.84786994054045,-44.523586430531395,ok,
rms_matched_gaussian_prediction,2,timit,sample_003,20260909,2.1297258953421765e-05,7.406619209070241,14.930403584538736,-58.457478154155254,ok,
rms_matched_gaussian_prediction,2,timit,sample_003,20260910,0.0001180845683047924,7.406619209070241,14.814999757632528,-50.985084987998036,ok,
rms_matched_gaussian_prediction,2,timit,sample_003,20260911,8.601138312909843e-05,7.406619209070241,14.813069905791327,-52.36089135801703,ok,
rms_matched_gaussian_prediction,2,timit,sample_003,20260912,1.0661452341627342e-07,7.406619209070241,14.854804663661668,-81.44046501962069,ok,
rms_matched_gaussian_prediction,2,timit,sample_004,20260908,0.00027684202135309384,4.672993168401532,9.32106395899929,-45.272334748776615,ok,
rms_matched_gaussian_prediction,2,timit,sample_004,20260909,0.0002842341885905365,4.672993168401532,9.37021773678651,-45.180733661736724,ok,
rms_matched_gaussian_prediction,2,timit,sample_004,20260910,2.1288095686560892e-05,4.672993168401532,9.373921040894574,-56.43784456985954,ok,
rms_matched_gaussian_prediction,2,timit,sample_004,20260911,0.00024690333974625964,4.672993168401532,9.28871783664518,-45.754288042874684,ok,
rms_matched_gaussian_prediction,2,timit,sample_004,20260912,5.417472008829018e-05,4.672993168401532,9.377197235450732,-52.382763667578025,ok,
rms_matched_gaussian_prediction,2,timit,sample_005,20260908,7.162599488881226e-06,3.1687300924545587,6.360695280395661,-59.48433862457057,ok,
rms_matched_gaussian_prediction,2,timit,sample_005,20260909,0.000671009666715587,3.1687300924545587,6.392097768495299,-39.78914631578414,ok,
rms_matched_gaussian_prediction,2,timit,sample_005,20260910,0.0002176077344027039,3.1687300924545587,6.337986246524515,-44.64276963066111,ok,
rms_matched_gaussian_prediction,2,timit,sample_005,20260911,0.0002450011848951619,3.1687300924545587,6.330625168960259,-44.1227841355505,ok,
rms_matched_gaussian_prediction,2,timit,sample_005,20260912,0.00010806419296557687,3.1687300924545587,6.304509689590932,-47.65969498066152,ok,
rms_matched_gaussian_prediction,2,timit,sample_006,20260908,1.493149335791569e-05,4.7031186876806235,9.447239385392688,-58.01201645668066,ok,
rms_matched_gaussian_prediction,2,timit,sample_006,20260909,0.00033718070608168885,4.7031186876806235,9.426055382043407,-44.46467270037172,ok,
rms_matched_gaussian_prediction,2,timit,sample_006,20260910,4.664770144613965e-05,4.7031186876806235,9.494379508036172,-53.086363291213445,ok,
rms_matched_gaussian_prediction,2,timit,sample_006,20260911,0.00027069580504324105,4.7031186876806235,9.403859661685802,-45.40824612124859,ok,
rms_matched_gaussian_prediction,2,timit,sample_006,20260912,0.000256271314436198,4.7031186876806235,9.280187733669784,-45.58856763745719,ok,
rms_matched_gaussian_prediction,2,timit,sample_007,20260908,3.7676996570820654e-05,3.3086856937039393,6.587825200690152,-52.42665780058111,ok,
rms_matched_gaussian_prediction,2,timit,sample_007,20260909,0.0003283846470475517,3.3086856937039393,6.65237506535283,-43.06593881356601,ok,
rms_matched_gaussian_prediction,2,timit,sample_007,20260910,3.1500159420843836e-05,3.3086856937039393,6.699351241643073,-53.27719982575013,ok,
rms_matched_gaussian_prediction,2,timit,sample_007,20260911,4.9264571588060596e-05,3.3086856937039393,6.6327130320021235,-51.291564884447276,ok,
rms_matched_gaussian_prediction,2,timit,sample_007,20260912,3.4313002639271975e-05,3.3086856937039393,6.586925849118024,-52.83224038166818,ok,
rms_matched_gaussian_prediction,2,timit,sample_008,20260908,6.0791589055372786e-05,13.913023487987573,27.72600382146402,-56.59043775889093,ok,
rms_matched_gaussian_prediction,2,timit,sample_008,20260909,0.001100445137044758,13.913023487987573,27.866219550512277,-44.03509658510259,ok,
rms_matched_gaussian_prediction,2,timit,sample_008,20260910,2.8540634989739807e-05,13.913023487987573,27.982664722456605,-59.91425422397668,ok,
rms_matched_gaussian_prediction,2,timit,sample_008,20260911,5.778428985667764e-05,13.913023487987573,27.716997132042167,-56.809363890163425,ok,
rms_matched_gaussian_prediction,2,timit,sample_008,20260912,4.911818360804031e-06,13.913023487987573,27.689615419384314,-67.5107453725367,ok,
rms_matched_gaussian_prediction,2,timit,sample_009,20260908,0.00012877876628278415,18.480081968065797,36.82607250006113,-54.56311140275104,ok,
rms_matched_gaussian_prediction,2,timit,sample_009,20260909,3.1316597155144983e-07,18.480081968065797,36.98759314520242,-80.72280119320224,ok,
rms_matched_gaussian_prediction,2,timit,sample_009,20260910,0.0007316831497490691,18.480081968065797,36.716685427627674,-47.005404144919645,ok,
rms_matched_gaussian_prediction,2,timit,sample_009,20260911,0.00010011714928647036,18.480081968065797,36.88244421122532,-55.66311214722538,ok,
rms_matched_gaussian_prediction,2,timit,sample_009,20260912,6.697009140817842e-05,18.480081968065797,36.628186876446755,-57.37934523089616,ok,
rms_matched_gaussian_prediction,2,timit,sample_010,20260908,1.514278284962818e-05,5.7365333919960175,11.452846139379583,-58.787077031205456,ok,
rms_matched_gaussian_prediction,2,timit,sample_010,20260909,3.510464341552042e-05,5.7365333919960175,11.499766398432262,-55.1532444005596,ok,
rms_matched_gaussian_prediction,2,timit,sample_010,20260910,8.28757748170209e-05,5.7365333919960175,11.450617793922504,-51.40401311799505,ok,
rms_matched_gaussian_prediction,2,timit,sample_010,20260911,0.0002624668820293215,5.7365333919960175,11.479410393967095,-46.408450686384214,ok,
rms_matched_gaussian_prediction,2,timit,sample_010,20260912,0.000141094917593203,5.7365333919960175,11.546322489890258,-49.12932309908226,ok,
rms_matched_gaussian_prediction,4,aishell1,sample_001,20260908,0.00097209750010599,12.524359002117258,24.955756405189746,-44.09460911076165,ok,
rms_matched_gaussian_prediction,4,aishell1,sample_001,20260909,0.00016516986608245337,12.524359002117258,24.98157012749204,-51.796889116316166,ok,
rms_matched_gaussian_prediction,4,aishell1,sample_001,20260910,0.0005844372538592436,12.524359002117258,24.973485151286305,-46.30741261962801,ok,
rms_matched_gaussian_prediction,4,aishell1,sample_001,20260911,8.02040104524921e-05,12.524359002117258,25.021739297732147,-54.94121404521495,ok,
rms_matched_gaussian_prediction,4,aishell1,sample_001,20260912,0.0008070905868657615,12.524359002117258,25.199475175639684,-44.94469213232338,ok,
rms_matched_gaussian_prediction,4,aishell1,sample_002,20260908,0.00010912975822693074,11.429580266176508,22.766740632615274,-53.193576629061525,ok,
rms_matched_gaussian_prediction,4,aishell1,sample_002,20260909,0.00023937969812109767,11.429580266176508,23.000328903622215,-49.826467296785594,ok,
rms_matched_gaussian_prediction,4,aishell1,sample_002,20260910,0.00020234753977081552,11.429580266176508,22.92314137709897,-50.54176202331156,ok,
rms_matched_gaussian_prediction,4,aishell1,sample_002,20260911,0.00027082759498651694,11.429580266176508,23.006051263583963,-49.2914916846184,ok,
rms_matched_gaussian_prediction,4,aishell1,sample_002,20260912,0.00015786922364157733,11.429580266176508,22.874914533045143,-51.61062004117886,ok,
rms_matched_gaussian_prediction,4,aishell1,sample_003,20260908,4.1930593355180175e-05,8.288846235780127,16.544099219384517,-55.96112107544159,ok,
rms_matched_gaussian_prediction,4,aishell1,sample_003,20260909,0.00010530616154520825,8.288846235780127,16.57657578221632,-51.97041036451138,ok,
rms_matched_gaussian_prediction,4,aishell1,sample_003,20260910,0.0003582801585488965,8.288846235780127,16.544363112546858,-46.644272943895054,ok,
rms_matched_gaussian_prediction,4,aishell1,sample_003,20260911,0.00019781103522098349,8.288846235780127,16.554892746393346,-49.22675853468799,ok,
rms_matched_gaussian_prediction,4,aishell1,sample_003,20260912,0.0002663200867939639,8.288846235780127,16.688206108684692,-47.97005729579168,ok,
rms_matched_gaussian_prediction,4,aishell1,sample_004,20260908,0.0012084938334253742,31.210938977077603,62.44620126825849,-47.13261585444283,ok,
rms_matched_gaussian_prediction,4,aishell1,sample_004,20260909,0.0017443474504605081,31.210938977077603,62.576189453067656,-45.54776118402829,ok,
rms_matched_gaussian_prediction,4,aishell1,sample_004,20260910,0.0012117525621911994,31.210938977077603,62.47107283017708,-47.12265017201125,ok,
rms_matched_gaussian_prediction,4,aishell1,sample_004,20260911,0.0004937625144629284,31.210938977077603,62.33922119612033,-51.012432554408804,ok,
rms_matched_gaussian_prediction,4,aishell1,sample_004,20260912,0.0015933308288022677,31.210938977077603,62.26715385132891,-45.91953055647666,ok,
rms_matched_gaussian_prediction,4,aishell1,sample_005,20260908,0.0004295663542388902,13.10559475293931,26.247196056885823,-47.86052656339265,ok,
rms_matched_gaussian_prediction,4,aishell1,sample_005,20260909,0.001344107779000537,13.10559475293931,26.162130351263905,-42.89239010281597,ok,
rms_matched_gaussian_prediction,4,aishell1,sample_005,20260910,0.00029383848347302603,13.10559475293931,26.274125895131828,-49.51419601158762,ok,
rms_matched_gaussian_prediction,4,aishell1,sample_005,20260911,0.00011597862367281204,13.10559475293931,26.156634257280533,-53.53203905395611,ok,
rms_matched_gaussian_prediction,4,aishell1,sample_005,20260912,0.0012876981548167739,13.10559475293931,26.103136462351067,-43.06878620074562,ok,
rms_matched_gaussian_prediction,4,aishell1,sample_006,20260908,0.004340412705968026,52.96959047746651,106.6680680665191,-43.905034031281474,ok,
rms_matched_gaussian_prediction,4,aishell1,sample_006,20260909,0.0029170053979528246,52.96959047746651,105.74462821886222,-45.59321081698166,ok,
rms_matched_gaussian_prediction,4,aishell1,sample_006,20260910,0.002279700242071966,52.96959047746651,105.21070699462861,-46.641821934455564,ok,
rms_matched_gaussian_prediction,4,aishell1,sample_006,20260911,0.0010642725794826765,52.96959047746651,106.07947582663896,-49.98578491779064,ok,
rms_matched_gaussian_prediction,4,aishell1,sample_006,20260912,0.00402747951938605,52.96959047746651,106.41871844542297,-44.219846838773734,ok,
rms_matched_gaussian_prediction,4,aishell1,sample_007,20260908,0.0001973124926379224,14.65961272420519,29.287848884663944,-51.715328898344495,ok,
rms_matched_gaussian_prediction,4,aishell1,sample_007,20260909,0.000941189242127101,14.65961272420519,29.185603810207144,-44.91491727726702,ok,
rms_matched_gaussian_prediction,4,aishell1,sample_007,20260910,0.001194677768466823,14.65961272420519,29.38267514024757,-43.90840551087865,ok,
rms_matched_gaussian_prediction,4,aishell1,sample_007,20260911,0.0014805142401551731,14.65961272420519,29.407185186455152,-42.980408672021504,ok,
rms_matched_gaussian_prediction,4,aishell1,sample_007,20260912,6.751704508825821e-05,14.65961272420519,29.22746922330538,-56.363777784839584,ok,
rms_matched_gaussian_prediction,4,aishell1,sample_008,20260908,0.0011211409296577669,17.379378881810364,34.94293508079928,-44.93699173253696,ok,
rms_matched_gaussian_prediction,4,aishell1,sample_008,20260909,0.0005345089972798909,17.379378881810364,35.02730165891465,-48.1645166176248,ok,
rms_matched_gaussian_prediction,4,aishell1,sample_008,20260910,0.0007497163514158693,17.379378881810364,34.78611573010659,-46.665089539306024,ok,
rms_matched_gaussian_prediction,4,aishell1,sample_008,20260911,0.00020319427153672731,17.379378881810364,34.7685334328698,-52.33274909879161,ok,
rms_matched_gaussian_prediction,4,aishell1,sample_008,20260912,0.0008284231500659787,17.379378881810364,34.73652106047584,-46.22534093574981,ok,
rms_matched_gaussian_prediction,4,aishell1,sample_009,20260908,0.00021901778810228117,8.305825244662511,16.713151399199507,-48.825789567172336,ok,
rms_matched_gaussian_prediction,4,aishell1,sample_009,20260909,0.0006488477927778705,8.305825244662511,16.582862904315395,-44.07516678026156,ok,
rms_matched_gaussian_prediction,4,aishell1,sample_009,20260910,0.0005609522505202243,8.305825244662511,16.628302177188868,-44.719220125962806,ok,
rms_matched_gaussian_prediction,4,aishell1,sample_009,20260911,0.00024171324923902458,8.305825244662511,16.608459171252164,-48.370288849813704,ok,
rms_matched_gaussian_prediction,4,aishell1,sample_009,20260912,0.0008956278773937658,8.305825244662511,16.65568208306918,-42.69434819116644,ok,
rms_matched_gaussian_prediction,4,aishell1,sample_010,20260908,5.2154224007306474e-05,7.226756464821024,14.487341377135461,-54.43699197548688,ok,
rms_matched_gaussian_prediction,4,aishell1,sample_010,20260909,0.00010907716303342185,7.226756464821024,14.525207671106012,-51.243885124230665,ok,
rms_matched_gaussian_prediction,4,aishell1,sample_010,20260910,0.00037364276847299735,7.226756464821024,14.472034339796302,-45.88073001915254,ok,
rms_matched_gaussian_prediction,4,aishell1,sample_010,20260911,0.00017537571447574364,7.226756464821024,14.398643198990852,-49.14352114125812,ok,
rms_matched_gaussian_prediction,4,aishell1,sample_010,20260912,0.00025801652631454253,7.226756464821024,14.518326279136435,-47.50269026641638,ok,
rms_matched_gaussian_prediction,4,librispeech_test_clean,sample_001,20260908,0.009127656274667178,394.98774570203375,787.1947802047296,-49.35722928385735,ok,
rms_matched_gaussian_prediction,4,librispeech_test_clean,sample_001,20260909,0.015203012370435668,394.98774570203375,792.5901258969177,-47.171190086727734,ok,
rms_matched_gaussian_prediction,4,librispeech_test_clean,sample_001,20260910,0.009434246988431427,394.98774570203375,788.7963232929673,-49.22257635694202,ok,
rms_matched_gaussian_prediction,4,librispeech_test_clean,sample_001,20260911,0.0036213543222340964,394.98774570203375,788.8812656923095,-53.38140623123457,ok,
rms_matched_gaussian_prediction,4,librispeech_test_clean,sample_001,20260912,0.001194402785098516,394.98774570203375,789.4495490222727,-58.20173573213705,ok,
rms_matched_gaussian_prediction,4,librispeech_test_clean,sample_002,20260908,0.00918242821963838,62.79665821822091,125.48125106483747,-41.356212978858125,ok,
rms_matched_gaussian_prediction,4,librispeech_test_clean,sample_002,20260909,0.002408003174019451,62.79665821822091,125.60749773695005,-47.17358508776353,ok,
rms_matched_gaussian_prediction,4,librispeech_test_clean,sample_002,20260910,0.006941692155716812,62.79665821822091,126.16893668168429,-42.59487092855056,ok,
rms_matched_gaussian_prediction,4,librispeech_test_clean,sample_002,20260911,0.0005958917118257124,62.79665821822091,125.15085960582263,-53.222664912763875,ok,
rms_matched_gaussian_prediction,4,librispeech_test_clean,sample_002,20260912,0.008106343004455776,62.79665821822091,125.01252196078842,-41.88128540385485,ok,
rms_matched_gaussian_prediction,4,librispeech_test_clean,sample_003,20260908,0.018551721937972696,671.0116254218816,1344.5827803758425,-48.60203318799455,ok,
rms_matched_gaussian_prediction,4,librispeech_test_clean,sample_003,20260909,0.005389680618568971,671.0116254218816,1338.5729931521325,-53.950790278669785,ok,
rms_matched_gaussian_prediction,4,librispeech_test_clean,sample_003,20260910,0.027923216617102065,671.0116254218816,1340.1860459259892,-46.811996462959335,ok,
rms_matched_gaussian_prediction,4,librispeech_test_clean,sample_003,20260911,0.00326847768691861,671.0116254218816,1346.082146750595,-56.14726039566091,ok,
rms_matched_gaussian_prediction,4,librispeech_test_clean,sample_003,20260912,0.024641794399829102,671.0116254218816,1338.7363558848706,-47.350227279157565,ok,
rms_matched_gaussian_prediction,4,librispeech_test_clean,sample_004,20260908,0.015730237677745507,102.12200125970605,203.6666955503021,-41.121847323933274,ok,
rms_matched_gaussian_prediction,4,librispeech_test_clean,sample_004,20260909,0.005039630387707862,102.12200125970605,202.91129243872942,-46.04907531061535,ok,
rms_matched_gaussian_prediction,4,librispeech_test_clean,sample_004,20260910,0.013142384485253716,102.12200125970605,202.7493533186824,-41.882853091599664,ok,
rms_matched_gaussian_prediction,4,librispeech_test_clean,sample_004,20260911,0.0013041794285901735,102.12200125970605,204.6931353783457,-51.95765932401769,ok,
rms_matched_gaussian_prediction,4,librispeech_test_clean,sample_004,20260912,0.0223258891657115,102.12200125970605,205.03104300769766,-39.63010856563442,ok,
rms_matched_gaussian_prediction,4,librispeech_test_clean,sample_005,20260908,0.004188649456896639,481.52606119897007,962.868676222633,-53.61493042191909,ok,
rms_matched_gaussian_prediction,4,librispeech_test_clean,sample_005,20260909,0.008699990416866284,481.52606119897007,963.586514493808,-50.44371939077945,ok,
rms_matched_gaussian_prediction,4,librispeech_test_clean,sample_005,20260910,0.0031869157042429064,481.52606119897007,964.088441139255,-54.807462995310146,ok,
rms_matched_gaussian_prediction,4,librispeech_test_clean,sample_005,20260911,0.0017403539195983316,481.52606119897007,961.8996321422956,-57.42492182703002,ok,
rms_matched_gaussian_prediction,4,librispeech_test_clean,sample_005,20260912,0.00406628499066239,481.52606119897007,963.1252075889088,-53.74484936122221,ok,
rms_matched_gaussian_prediction,4,librispeech_test_clean,sample_006,20260908,0.0024110394986154027,335.38480363295423,669.3449428230496,-54.43445661060749,ok,
rms_matched_gaussian_prediction,4,librispeech_test_clean,sample_006,20260909,0.002737484709625042,335.38480363295423,671.2891526565121,-53.895579272513686,ok,
rms_matched_gaussian_prediction,4,librispeech_test_clean,sample_006,20260910,0.002139026418014472,335.38480363295423,670.7792893329549,-54.96363496512788,ok,
rms_matched_gaussian_prediction,4,librispeech_test_clean,sample_006,20260911,0.002529572222987073,335.38480363295423,672.5061448483943,-54.2464917310841,ok,
rms_matched_gaussian_prediction,4,librispeech_test_clean,sample_006,20260912,0.0009078616903862655,335.38480363295423,672.2631030147123,-58.69519585004785,ok,
rms_matched_gaussian_prediction,4,librispeech_test_clean,sample_007,20260908,0.0028374314858739327,141.20037040354714,283.6474118369672,-49.99853441388907,ok,
rms_matched_gaussian_prediction,4,librispeech_test_clean,sample_007,20260909,0.008501149928874092,141.20037040354714,281.6188016575664,-45.20183970504184,ok,
rms_matched_gaussian_prediction,4,librispeech_test_clean,sample_007,20260910,0.03211537068683945,141.20037040354714,284.96465065478156,-39.48078050739879,ok,
rms_matched_gaussian_prediction,4,librispeech_test_clean,sample_007,20260911,0.0006735883921288404,141.20037040354714,281.4603969567387,-56.21022700782966,ok,
rms_matched_gaussian_prediction,4,librispeech_test_clean,sample_007,20260912,0.0026538102666140537,141.20037040354714,282.1727849922773,-50.26645254547787,ok,
rms_matched_gaussian_prediction,4,librispeech_test_clean,sample_008,20260908,0.0037109081527875775,353.10366876973774,705.2989355531575,-52.78893022853132,ok,
rms_matched_gaussian_prediction,4,librispeech_test_clean,sample_008,20260909,0.035266132602965794,353.10366876973774,706.2842258223392,-43.016216706432814,ok,
rms_matched_gaussian_prediction,4,librispeech_test_clean,sample_008,20260910,0.011571659057803026,353.10366876973774,707.0830713508526,-47.860748103517274,ok,
rms_matched_gaussian_prediction,4,librispeech_test_clean,sample_008,20260911,0.0020707437140130925,353.10366876973774,708.4020865199959,-55.341534797957415,ok,
rms_matched_gaussian_prediction,4,librispeech_test_clean,sample_008,20260912,0.013196293878061222,353.10366876973774,708.5056973807106,-47.2989136829499,ok,
rms_matched_gaussian_prediction,4,librispeech_test_clean,sample_009,20260908,0.006774393740912868,235.16117327686635,470.4230563847169,-48.41618164095461,ok,
rms_matched_gaussian_prediction,4,librispeech_test_clean,sample_009,20260909,0.0052661104897368735,235.16117327686635,470.65161847878136,-49.51209589478232,ok,
rms_matched_gaussian_prediction,4,librispeech_test_clean,sample_009,20260910,0.006898454174960938,235.16117327686635,471.32756195820207,-48.345710530946384,ok,
rms_matched_gaussian_prediction,4,librispeech_test_clean,sample_009,20260911,0.014735960409363143,235.16117327686635,468.91388383727076,-45.027146456592675,ok,
rms_matched_gaussian_prediction,4,librispeech_test_clean,sample_009,20260912,0.004915436662084453,235.16117327686635,471.32732438359545,-49.81760513502371,ok,
rms_matched_gaussian_prediction,4,librispeech_test_clean,sample_010,20260908,0.013246170422480068,55.630606516055934,111.6992818616103,-39.259600426309035,ok,
rms_matched_gaussian_prediction,4,librispeech_test_clean,sample_010,20260909,0.007318411223932459,55.630606516055934,111.34219343147747,-41.82242963573253,ok,
rms_matched_gaussian_prediction,4,librispeech_test_clean,sample_010,20260910,0.010833615117387025,55.630606516055934,110.79432372601796,-40.09744108440637,ok,
rms_matched_gaussian_prediction,4,librispeech_test_clean,sample_010,20260911,0.024655221448909265,55.630606516055934,111.34258203849635,-36.54752380732651,ok,
rms_matched_gaussian_prediction,4,librispeech_test_clean,sample_010,20260912,0.007799066781717148,55.630606516055934,111.41725074176135,-41.54909798710485,ok,
rms_matched_gaussian_prediction,4,timit,sample_001,20260908,0.0021571568557227183,40.28695414913285,80.64833395119658,-45.727136742935386,ok,
rms_matched_gaussian_prediction,4,timit,sample_001,20260909,0.0017606851191747052,40.28695414913285,80.99356756813887,-46.627688350366554,ok,
rms_matched_gaussian_prediction,4,timit,sample_001,20260910,0.0002303125342229543,40.28695414913285,81.2806382850003,-55.476695294463,ok,
rms_matched_gaussian_prediction,4,timit,sample_001,20260911,0.00026737386555374354,40.28695414913285,79.85467772450119,-54.75181404776023,ok,
rms_matched_gaussian_prediction,4,timit,sample_001,20260912,0.00024613974308690514,40.28695414913285,80.59897909673484,-55.15147796146033,ok,
rms_matched_gaussian_prediction,4,timit,sample_002,20260908,0.0005516722533325804,15.278584015351486,30.336696022861023,-47.40287137697632,ok,
rms_matched_gaussian_prediction,4,timit,sample_002,20260909,0.00034276382309809066,15.278584015351486,30.50299639681125,-49.49347523974812,ok,
rms_matched_gaussian_prediction,4,timit,sample_002,20260910,0.00026972989707719174,15.278584015351486,30.473690863454706,-50.52995969310362,ok,
rms_matched_gaussian_prediction,4,timit,sample_002,20260911,0.0014071544332110613,15.278584015351486,30.59871982289853,-43.373614934565396,ok,
rms_matched_gaussian_prediction,4,timit,sample_002,20260912,0.0011767644084430806,15.278584015351486,30.595482685270415,-44.14967784238272,ok,
rms_matched_gaussian_prediction,4,timit,sample_003,20260908,0.0012326677319857491,7.406619209070241,14.7349110927557,-40.77501491965517,ok,
rms_matched_gaussian_prediction,4,timit,sample_003,20260909,0.0011917435731525069,7.406619209070241,14.698066076771779,-40.91077376564746,ok,
rms_matched_gaussian_prediction,4,timit,sample_003,20260910,0.0011893993633582767,7.406619209070241,14.817058875631403,-40.95434304488599,ok,
rms_matched_gaussian_prediction,4,timit,sample_003,20260911,0.0007963246058327744,7.406619209070241,14.795250288734648,-42.69032180592204,ok,
rms_matched_gaussian_prediction,4,timit,sample_003,20260912,0.0030872586776347455,7.406619209070241,14.75938846311436,-36.79495343256996,ok,
rms_matched_gaussian_prediction,4,timit,sample_004,20260908,0.00041706133217654347,4.672993168401532,9.398927374352391,-43.52878366655187,ok,
rms_matched_gaussian_prediction,4,timit,sample_004,20260909,5.292627851271893e-05,4.672993168401532,9.29209456243,-52.444422547644976,ok,
rms_matched_gaussian_prediction,4,timit,sample_004,20260910,0.0006045577776463883,4.672993168401532,9.424481475048802,-41.92819651649433,ok,
rms_matched_gaussian_prediction,4,timit,sample_004,20260911,0.00045322388190184934,4.672993168401532,9.341200954579463,-43.14089927832712,ok,
rms_matched_gaussian_prediction,4,timit,sample_004,20260912,0.0002693808365783828,4.672993168401532,9.347782941188939,-45.403419204441576,ok,
rms_matched_gaussian_prediction,4,timit,sample_005,20260908,0.0035849618985277017,3.1687300924545587,6.289937597024435,-32.44161792388812,ok,
rms_matched_gaussian_prediction,4,timit,sample_005,20260909,0.004959349656771645,3.1687300924545587,6.333949010619951,-31.062498337046343,ok,
rms_matched_gaussian_prediction,4,timit,sample_005,20260910,0.004125424087426794,3.1687300924545587,6.393706688240207,-31.90284108992384,ok,
rms_matched_gaussian_prediction,4,timit,sample_005,20260911,0.0014454631374724095,3.1687300924545587,6.268189534508142,-36.371350990110386,ok,
rms_matched_gaussian_prediction,4,timit,sample_005,20260912,0.0061713943838038994,3.1687300924545587,6.293029489514508,-30.0847646586239,ok,
rms_matched_gaussian_prediction,4,timit,sample_006,20260908,0.00038379919447539926,4.7031186876806235,9.449450733282951,-43.913025050498504,ok,
rms_matched_gaussian_prediction,4,timit,sample_006,20260909,0.0003620237680257389,4.7031186876806235,9.435338009664768,-44.160203773589124,ok,
rms_matched_gaussian_prediction,4,timit,sample_006,20260910,0.00034935645462892646,4.7031186876806235,9.326357537081163,-44.26443287804681,ok,
rms_matched_gaussian_prediction,4,timit,sample_006,20260911,0.0009184775470987782,4.7031186876806235,9.400337938050997,-40.1007492200117,ok,
rms_matched_gaussian_prediction,4,timit,sample_006,20260912,0.0019867079617616945,4.7031186876806235,9.441590889940484,-36.76911145807186,ok,
rms_matched_gaussian_prediction,4,timit,sample_007,20260908,0.0002528265203681359,3.3086856937039393,6.620417312457995,-44.180627364303334,ok,
rms_matched_gaussian_prediction,4,timit,sample_007,20260909,0.0008265772019996427,3.3086856937039393,6.623175159581351,-39.03782817484916,ok,
rms_matched_gaussian_prediction,4,timit,sample_007,20260910,0.0013535497813988687,3.3086856937039393,6.682903166076865,-36.93490934951193,ok,
rms_matched_gaussian_prediction,4,timit,sample_007,20260911,0.00034528166237762873,3.3086856937039393,6.645474030338398,-42.84352449975712,ok,
rms_matched_gaussian_prediction,4,timit,sample_007,20260912,0.001832344391407011,3.3086856937039393,6.664941898005538,-35.60789264351986,ok,
rms_matched_gaussian_prediction,4,timit,sample_008,20260908,0.001579365142494023,13.913023487987573,27.921380206087683,-42.47454333544576,ok,
rms_matched_gaussian_prediction,4,timit,sample_008,20260909,0.0024557272164923254,13.913023487987573,27.935405749865833,-40.55974860025167,ok,
rms_matched_gaussian_prediction,4,timit,sample_008,20260910,0.0007742404840081543,13.913023487987573,27.889597562421606,-45.565663707668364,ok,
rms_matched_gaussian_prediction,4,timit,sample_008,20260911,1.8297554113490827e-05,13.913023487987573,27.969975323756536,-61.84299019262602,ok,
rms_matched_gaussian_prediction,4,timit,sample_008,20260912,0.001209768014466875,13.913023487987573,28.034723107815097,-43.64994172834855,ok,
rms_matched_gaussian_prediction,4,timit,sample_009,20260908,0.005588224129028502,18.480081968065797,36.88973622220576,-38.19631733558908,ok,
rms_matched_gaussian_prediction,4,timit,sample_009,20260909,0.00123000033937424,18.480081968065797,36.82303121532475,-44.76214304473295,ok,
rms_matched_gaussian_prediction,4,timit,sample_009,20260910,0.0034660162560569124,18.480081968065797,37.070357294848264,-40.2919617650153,ok,
rms_matched_gaussian_prediction,4,timit,sample_009,20260911,0.0028593769336686184,18.480081968065797,37.00679707133216,-41.12010089054678,ok,
rms_matched_gaussian_prediction,4,timit,sample_009,20260912,0.0014598355833788691,18.480081968065797,37.08799397399243,-44.04929398084721,ok,
rms_matched_gaussian_prediction,4,timit,sample_010,20260908,0.00044752383349836876,5.7365333919960175,11.459070749966095,-44.08333230642388,ok,
rms_matched_gaussian_prediction,4,timit,sample_010,20260909,0.0006993104745303486,5.7365333919960175,11.485211944003884,-42.154689799874625,ok,
rms_matched_gaussian_prediction,4,timit,sample_010,20260910,0.00037140477318997226,5.7365333919960175,11.498935814139019,-44.90810167754468,ok,
rms_matched_gaussian_prediction,4,timit,sample_010,20260911,0.0012514225346313252,5.7365333919960175,11.488406648789567,-39.62855828160503,ok,
rms_matched_gaussian_prediction,4,timit,sample_010,20260912,0.00024741780957164485,5.7365333919960175,11.4284513794577,-46.64556425536634,ok,
rms_matched_gaussian_prediction,8,aishell1,sample_001,20260908,0.00602289872964274,12.524359002117258,25.091667036903452,-36.19723954893148,ok,
rms_matched_gaussian_prediction,8,aishell1,sample_001,20260909,0.0032296845660257315,12.524359002117258,25.037221984999405,-38.89426031645601,ok,
rms_matched_gaussian_prediction,8,aishell1,sample_001,20260910,0.002547095864085007,12.524359002117258,24.983276806306808,-39.916041090143224,ok,
rms_matched_gaussian_prediction,8,aishell1,sample_001,20260911,0.0003922609478585863,12.524359002117258,25.039934529156472,-48.05058114474406,ok,
rms_matched_gaussian_prediction,8,aishell1,sample_001,20260912,0.0011466740204808359,12.524359002117258,25.1394731684796,-43.40916198776096,ok,
rms_matched_gaussian_prediction,8,aishell1,sample_002,20260908,0.0005471471618367198,11.429580266176508,22.69361943963211,-46.177996161077886,ok,
rms_matched_gaussian_prediction,8,aishell1,sample_002,20260909,0.0011664545444490851,11.429580266176508,22.87656895406005,-42.925230693583174,ok,
rms_matched_gaussian_prediction,8,aishell1,sample_002,20260910,0.0013365225056691469,11.429580266176508,22.877530804403477,-42.334328722440915,ok,
rms_matched_gaussian_prediction,8,aishell1,sample_002,20260911,0.0004205824518187947,11.429580266176508,22.80187676267011,-47.341194446458076,ok,
rms_matched_gaussian_prediction,8,aishell1,sample_002,20260912,0.0004502204193448168,11.429580266176508,22.760023128484377,-47.03747509934571,ok,
rms_matched_gaussian_prediction,8,aishell1,sample_003,20260908,0.000980986872851866,8.288846235780127,16.588028396945916,-42.281315738408225,ok,
rms_matched_gaussian_prediction,8,aishell1,sample_003,20260909,0.00042304401535474273,8.288846235780127,16.557715933641816,-45.926148708523286,ok,
rms_matched_gaussian_prediction,8,aishell1,sample_003,20260910,0.00029986552658480415,8.288846235780127,16.57504340310219,-47.425281319961286,ok,
rms_matched_gaussian_prediction,8,aishell1,sample_003,20260911,0.001039557695774273,8.288846235780127,16.614018417974055,-42.036260893473425,ok,
rms_matched_gaussian_prediction,8,aishell1,sample_003,20260912,0.0008434073454517521,8.288846235780127,16.562722304879806,-42.930943408283966,ok,
rms_matched_gaussian_prediction,8,aishell1,sample_004,20260908,0.0027426463925196275,31.210938977077603,62.256650383152234,-43.560159323851195,ok,
rms_matched_gaussian_prediction,8,aishell1,sample_004,20260909,0.0013489585264388655,31.210938977077603,62.611928031655125,-46.66658479507873,ok,
rms_matched_gaussian_prediction,8,aishell1,sample_004,20260910,0.0006922341358897655,31.210938977077603,62.53118165814271,-49.55843623346388,ok,
rms_matched_gaussian_prediction,8,aishell1,sample_004,20260911,0.005876953217386204,31.210938977077603,62.22538474872777,-40.24815356930455,ok,
rms_matched_gaussian_prediction,8,aishell1,sample_004,20260912,0.002979065762348962,31.210938977077603,62.268535683578975,-43.201885624655496,ok,
rms_matched_gaussian_prediction,8,aishell1,sample_005,20260908,0.002879855600466105,13.10559475293931,26.063010133292995,-39.56653860488543,ok,
rms_matched_gaussian_prediction,8,aishell1,sample_005,20260909,0.002537008652914674,13.10559475293931,26.10381180844574,-40.12381981176324,ok,
rms_matched_gaussian_prediction,8,aishell1,sample_005,20260910,0.002344288500694516,13.10559475293931,26.200463062352156,-40.482979096069826,ok,
rms_matched_gaussian_prediction,8,aishell1,sample_005,20260911,0.00317910902405939,13.10559475293931,26.341428531212703,-39.18333901680207,ok,
rms_matched_gaussian_prediction,8,aishell1,sample_005,20260912,0.0032426090971821434,13.10559475293931,26.22469643441404,-39.078158727722226,ok,
rms_matched_gaussian_prediction,8,aishell1,sample_006,20260908,0.003798258137541055,52.96959047746651,105.85040207956548,-44.451080349774166,ok,
rms_matched_gaussian_prediction,8,aishell1,sample_006,20260909,0.011108718669823913,52.96959047746651,105.90463378299515,-39.792509944073814,ok,
rms_matched_gaussian_prediction,8,aishell1,sample_006,20260910,0.007483033386767791,52.96959047746651,106.0589960004641,-41.51469828625145,ok,
rms_matched_gaussian_prediction,8,aishell1,sample_006,20260911,0.005661543497111504,52.96959047746651,105.84586605137443,-42.717390523639935,ok,
rms_matched_gaussian_prediction,8,aishell1,sample_006,20260912,0.011436677966619534,52.96959047746651,106.52868834018996,-39.691666872229064,ok,
rms_matched_gaussian_prediction,8,aishell1,sample_007,20260908,0.002539690178064391,14.65961272420519,29.035557273788594,-40.581494262176,ok,
rms_matched_gaussian_prediction,8,aishell1,sample_007,20260909,0.0017352258290528853,14.65961272420519,29.30127380688306,-42.27530496906891,ok,
rms_matched_gaussian_prediction,8,aishell1,sample_007,20260910,0.0015046548411726817,14.65961272420519,29.428971533337794,-42.91338197807668,ok,
rms_matched_gaussian_prediction,8,aishell1,sample_007,20260911,0.0005744202111992213,14.65961272420519,29.439510392220928,-47.09700869904694,ok,
rms_matched_gaussian_prediction,8,aishell1,sample_007,20260912,0.0017127139465960407,14.65961272420519,29.43766352332151,-42.35218502497005,ok,
rms_matched_gaussian_prediction,8,aishell1,sample_008,20260908,0.00477157463655744,17.379378881810364,34.715970365963194,-38.61867587472063,ok,
rms_matched_gaussian_prediction,8,aishell1,sample_008,20260909,0.0070101879609630715,17.379378881810364,34.77540974760331,-36.95542593124125,ok,
rms_matched_gaussian_prediction,8,aishell1,sample_008,20260910,0.010746412069477893,17.379378881810364,34.67182211473479,-35.08713176269203,ok,
rms_matched_gaussian_prediction,8,aishell1,sample_008,20260911,0.010297990623133973,17.379378881810364,34.760497724555115,-35.283334942608334,ok,
rms_matched_gaussian_prediction,8,aishell1,sample_008,20260912,0.00806676078086634,17.379378881810364,34.613996878617584,-36.325525719581904,ok,
rms_matched_gaussian_prediction,8,aishell1,sample_009,20260908,0.0006818305246411924,8.305825244662511,16.521613473460746,-43.84376016788192,ok,
rms_matched_gaussian_prediction,8,aishell1,sample_009,20260909,0.0034971061253974605,8.305825244662511,16.71504196763662,-36.79398659334987,ok,
rms_matched_gaussian_prediction,8,aishell1,sample_009,20260910,0.0005525852129449362,8.305825244662511,16.655249399754837,-44.79151880407091,ok,
rms_matched_gaussian_prediction,8,aishell1,sample_009,20260911,0.0008259481921163891,8.305825244662511,16.65251058056574,-43.04526910838063,ok,
rms_matched_gaussian_prediction,8,aishell1,sample_009,20260912,0.0008438820222303043,8.305825244662511,16.66807217487327,-42.95603636900552,ok,
rms_matched_gaussian_prediction,8,aishell1,sample_010,20260908,0.001439213695448949,7.226756464821024,14.472834265514253,-40.02428305475646,ok,
rms_matched_gaussian_prediction,8,aishell1,sample_010,20260909,0.0012365998443876918,7.226756464821024,14.415556476446275,-40.66602224035457,ok,
rms_matched_gaussian_prediction,8,aishell1,sample_010,20260910,0.0010560160939788266,7.226756464821024,14.471107253476067,-41.368312249056885,ok,
rms_matched_gaussian_prediction,8,aishell1,sample_010,20260911,0.0006657811814992982,7.226756464821024,14.36805577846421,-43.34066489122928,ok,
rms_matched_gaussian_prediction,8,aishell1,sample_010,20260912,0.001237251265192335,7.226756464821024,14.356172869314312,-40.64580772296678,ok,
rms_matched_gaussian_prediction,8,librispeech_test_clean,sample_001,20260908,0.06637919748986786,394.98774570203375,789.2202115463083,-40.751662012087564,ok,
rms_matched_gaussian_prediction,8,librispeech_test_clean,sample_001,20260909,0.07807633657124913,394.98774570203375,789.4857732175034,-40.04824880730351,ok,
rms_matched_gaussian_prediction,8,librispeech_test_clean,sample_001,20260910,0.12658945640736347,394.98774570203375,788.9952475601417,-37.94676852332841,ok,
rms_matched_gaussian_prediction,8,librispeech_test_clean,sample_001,20260911,0.045685057277441134,394.98774570203375,790.8603400786874,-42.383256234135864,ok,
rms_matched_gaussian_prediction,8,librispeech_test_clean,sample_001,20260912,0.05871145148108556,394.98774570203375,790.326471395914,-41.29083711284092,ok,
rms_matched_gaussian_prediction,8,librispeech_test_clean,sample_002,20260908,0.013931332974486075,62.79665821822091,125.69915308973556,-39.553396790900194,ok,
rms_matched_gaussian_prediction,8,librispeech_test_clean,sample_002,20260909,0.0470997578931332,62.79665821822091,125.72153877335658,-34.26391013201117,ok,
rms_matched_gaussian_prediction,8,librispeech_test_clean,sample_002,20260910,0.014330453878963503,62.79665821822091,124.9214059191227,-39.403769175555446,ok,
rms_matched_gaussian_prediction,8,librispeech_test_clean,sample_002,20260911,0.030181497513614732,62.79665821822091,124.25424976274377,-36.14570467112577,ok,
rms_matched_gaussian_prediction,8,librispeech_test_clean,sample_002,20260912,0.013975998987428207,62.79665821822091,125.77635798735108,-39.5421615449063,ok,
rms_matched_gaussian_prediction,8,librispeech_test_clean,sample_003,20260908,0.05672467080691613,671.0116254218816,1343.5183249661027,-43.74471610175333,ok,
rms_matched_gaussian_prediction,8,librispeech_test_clean,sample_003,20260909,0.05578726809377715,671.0116254218816,1343.5328991420295,-43.81713210975904,ok,
rms_matched_gaussian_prediction,8,librispeech_test_clean,sample_003,20260910,0.06389932571480249,671.0116254218816,1340.8827910959023,-43.218945416909584,ok,
rms_matched_gaussian_prediction,8,librispeech_test_clean,sample_003,20260911,0.05179473613017366,671.0116254218816,1337.789147713827,-44.12102043695442,ok,
rms_matched_gaussian_prediction,8,librispeech_test_clean,sample_003,20260912,0.040680267678224497,671.0116254218816,1338.1335523856076,-45.17115658394323,ok,
rms_matched_gaussian_prediction,8,librispeech_test_clean,sample_004,20260908,0.11117465880087278,102.12200125970605,203.45196870718226,-32.62456091408028,ok,
rms_matched_gaussian_prediction,8,librispeech_test_clean,sample_004,20260909,0.1553899317684249,102.12200125970605,205.69100417741217,-31.21792422403695,ok,
rms_matched_gaussian_prediction,8,librispeech_test_clean,sample_004,20260910,0.0615985448628677,102.12200125970605,204.68766975441287,-35.2152122885572,ok,
rms_matched_gaussian_prediction,8,librispeech_test_clean,sample_004,20260911,0.08727329725496427,102.12200125970605,204.42288615418516,-33.6964813132749,ok,
rms_matched_gaussian_prediction,8,librispeech_test_clean,sample_004,20260912,0.11500228516089227,102.12200125970605,204.32667363752694,-32.496185947849284,ok,
rms_matched_gaussian_prediction,8,librispeech_test_clean,sample_005,20260908,0.04652849665779685,481.52606119897007,963.2182963368367,-43.16005702764044,ok,
rms_matched_gaussian_prediction,8,librispeech_test_clean,sample_005,20260909,0.046298959299808394,481.52606119897007,961.1520829951213,-43.17220882337928,ok,
rms_matched_gaussian_prediction,8,librispeech_test_clean,sample_005,20260910,0.0286163627468423,481.52606119897007,961.6942411729563,-45.264225830110576,ok,
rms_matched_gaussian_prediction,8,librispeech_test_clean,sample_005,20260911,0.07284707768598875,481.52606119897007,962.466300838338,-41.20973397926182,ok,
rms_matched_gaussian_prediction,8,librispeech_test_clean,sample_005,20260912,0.028352682759868544,481.52606119897007,961.8673227913747,-45.305210122618206,ok,
rms_matched_gaussian_prediction,8,librispeech_test_clean,sample_006,20260908,0.021272069928200386,335.38480363295423,668.5916664925394,-44.973512071130976,ok,
rms_matched_gaussian_prediction,8,librispeech_test_clean,sample_006,20260909,0.041187973672411934,335.38480363295423,671.2879047533859,-42.121383956727705,ok,
rms_matched_gaussian_prediction,8,librispeech_test_clean,sample_006,20260910,0.032055144808326545,335.38480363295423,670.6554926954177,-43.20601742675179,ok,
rms_matched_gaussian_prediction,8,librispeech_test_clean,sample_006,20260911,0.03434126207933437,335.38480363295423,672.6161218890124,-42.91951020744563,ok,
rms_matched_gaussian_prediction,8,librispeech_test_clean,sample_006,20260912,0.04453689668495315,335.38480363295423,670.6271894178508,-41.77761204889596,ok,
rms_matched_gaussian_prediction,8,librispeech_test_clean,sample_007,20260908,0.03468819306376456,141.20037040354714,281.3504107984604,-39.090658759114646,ok,
rms_matched_gaussian_prediction,8,librispeech_test_clean,sample_007,20260909,0.08855513843245195,141.20037040354714,281.99820114889485,-35.03032571687234,ok,
rms_matched_gaussian_prediction,8,librispeech_test_clean,sample_007,20260910,0.04483122882762858,141.20037040354714,283.2562531435892,-38.0059886300765,ok,
rms_matched_gaussian_prediction,8,librispeech_test_clean,sample_007,20260911,0.0777140903629626,141.20037040354714,282.7938240481992,-35.609701526474566,ok,
rms_matched_gaussian_prediction,8,librispeech_test_clean,sample_007,20260912,0.10796159117709184,141.20037040354714,282.14004042033565,-34.17195447500374,ok,
rms_matched_gaussian_prediction,8,librispeech_test_clean,sample_008,20260908,0.08893145191507533,353.10366876973774,706.4322891441535,-39.000151587020284,ok,
rms_matched_gaussian_prediction,8,librispeech_test_clean,sample_008,20260909,0.15863494138300036,353.10366876973774,707.2572759001978,-36.491785714932554,ok,
rms_matched_gaussian_prediction,8,librispeech_test_clean,sample_008,20260910,0.14608633464079507,353.10366876973774,706.5478497978934,-36.84531986451192,ok,
rms_matched_gaussian_prediction,8,librispeech_test_clean,sample_008,20260911,0.17060756615333614,353.10366876973774,705.7477189405507,-36.16651195652956,ok,
rms_matched_gaussian_prediction,8,librispeech_test_clean,sample_008,20260912,0.09814582480790267,353.10366876973774,703.5100341770241,-38.55398467023301,ok,
rms_matched_gaussian_prediction,8,librispeech_test_clean,sample_009,20260908,0.028805690300065065,235.16117327686635,469.28718962026255,-42.11960412066078,ok,
rms_matched_gaussian_prediction,8,librispeech_test_clean,sample_009,20260909,0.005939423450206481,235.16117327686635,472.723704954095,-49.00863091344709,ok,
rms_matched_gaussian_prediction,8,librispeech_test_clean,sample_009,20260910,0.015781503310221243,235.16117327686635,469.6779978801698,-44.736518453057585,ok,
rms_matched_gaussian_prediction,8,librispeech_test_clean,sample_009,20260911,0.018148911283872634,235.16117327686635,471.39095823601764,-44.14530670314512,ok,
rms_matched_gaussian_prediction,8,librispeech_test_clean,sample_009,20260912,0.013565841695422933,235.16117327686635,471.09009372609177,-45.40657226957862,ok,
rms_matched_gaussian_prediction,8,librispeech_test_clean,sample_010,20260908,0.044455342844504385,55.630606516055934,111.0270822143185,-33.975049627982145,ok,
rms_matched_gaussian_prediction,8,librispeech_test_clean,sample_010,20260909,0.04518276067632769,55.630606516055934,110.82373026305551,-33.896600012822724,ok,
rms_matched_gaussian_prediction,8,librispeech_test_clean,sample_010,20260910,0.0834607000160043,55.630606516055934,110.91553643107076,-31.235103609783536,ok,
rms_matched_gaussian_prediction,8,librispeech_test_clean,sample_010,20260911,0.027355469502210183,55.630606516055934,110.73967113022215,-36.07259056435207,ok,
rms_matched_gaussian_prediction,8,librispeech_test_clean,sample_010,20260912,0.04224597635058899,55.630606516055934,111.10907206112704,-34.19964168961111,ok,
rms_matched_gaussian_prediction,8,timit,sample_001,20260908,0.010898794176808628,40.28695414913285,80.73035560583921,-38.696584144238614,ok,
rms_matched_gaussian_prediction,8,timit,sample_001,20260909,0.004883693301667056,40.28695414913285,80.63929395034165,-42.177983342745904,ok,
rms_matched_gaussian_prediction,8,timit,sample_001,20260910,0.007350412154649548,40.28695414913285,80.76864114947811,-40.409310846538915,ok,
rms_matched_gaussian_prediction,8,timit,sample_001,20260911,0.007182615989748302,40.28695414913285,80.6474791542812,-40.50308148876379,ok,
rms_matched_gaussian_prediction,8,timit,sample_001,20260912,0.009134369093178277,40.28695414913285,80.96025495068315,-39.47593310883156,ok,
rms_matched_gaussian_prediction,8,timit,sample_002,20260908,0.00332350971039521,15.278584015351486,30.402885574991206,-39.613178528509906,ok,
rms_matched_gaussian_prediction,8,timit,sample_002,20260909,0.003946431420598625,15.278584015351486,30.788490159216032,-38.921838316688635,ok,
rms_matched_gaussian_prediction,8,timit,sample_002,20260910,0.003381118809809798,15.278584015351486,30.389302518349414,-39.5366030053908,ok,
rms_matched_gaussian_prediction,8,timit,sample_002,20260911,0.004883987142012942,15.278584015351486,30.60945982511093,-37.970811535280674,ok,
rms_matched_gaussian_prediction,8,timit,sample_002,20260912,0.0035880783710806638,15.278584015351486,30.588761276975212,-39.306999696538746,ok,
rms_matched_gaussian_prediction,8,timit,sample_003,20260908,0.0006492425770063854,7.406619209070241,14.700965405575392,-43.54938862027868,ok,
rms_matched_gaussian_prediction,8,timit,sample_003,20260909,0.0019959944775699706,7.406619209070241,14.736806534070235,-38.68244046522052,ok,
rms_matched_gaussian_prediction,8,timit,sample_003,20260910,0.0011476664174007872,7.406619209070241,14.812226879425,-41.1080468149554,ok,
rms_matched_gaussian_prediction,8,timit,sample_003,20260911,0.002161527057396369,7.406619209070241,14.843079196800934,-38.367633281977504,ok,
rms_matched_gaussian_prediction,8,timit,sample_003,20260912,0.0013234808545161652,7.406619209070241,14.805236865239289,-40.48697696444716,ok,
rms_matched_gaussian_prediction,8,timit,sample_004,20260908,0.02561836748593378,4.672993168401532,9.388765437243602,-25.64057037897212,ok,
rms_matched_gaussian_prediction,8,timit,sample_004,20260909,0.024791370261701754,4.672993168401532,9.314519273784907,-25.748599140395854,ok,
rms_matched_gaussian_prediction,8,timit,sample_004,20260910,0.025559310403154345,4.672993168401532,9.358832371183595,-25.636725362856655,ok,
rms_matched_gaussian_prediction,8,timit,sample_004,20260911,0.022590382772176055,4.672993168401532,9.26927677980522,-26.13122260646465,ok,
rms_matched_gaussian_prediction,8,timit,sample_004,20260912,0.022615854549792914,4.672993168401532,9.37103984652373,-26.17374782128188,ok,
rms_matched_gaussian_prediction,8,timit,sample_005,20260908,0.004984390743922724,3.1687300924545587,6.353685934110178,-31.054136626823407,ok,
rms_matched_gaussian_prediction,8,timit,sample_005,20260909,0.002684570770340019,3.1687300924545587,6.31488757970355,-33.71490766034228,ok,
rms_matched_gaussian_prediction,8,timit,sample_005,20260910,0.004949948216019741,3.1687300924545587,6.336052368727537,-31.07218102461396,ok,
rms_matched_gaussian_prediction,8,timit,sample_005,20260911,0.0039189897775614106,3.1687300924545587,6.308167099325887,-32.06729058232799,ok,
rms_matched_gaussian_prediction,8,timit,sample_005,20260912,0.0035210974193761245,3.1687300924545587,6.304203678884301,-32.52952194948461,ok,
rms_matched_gaussian_prediction,8,timit,sample_006,20260908,0.004736785688322758,4.7031186876806235,9.557201357731532,-33.04847000127281,ok,
rms_matched_gaussian_prediction,8,timit,sample_006,20260909,0.010598648549615845,4.7031186876806235,9.350403404134692,-29.45579856766671,ok,
rms_matched_gaussian_prediction,8,timit,sample_006,20260910,0.0059580803472733665,4.7031186876806235,9.387339194892608,-31.974361549730276,ok,
rms_matched_gaussian_prediction,8,timit,sample_006,20260911,0.0035903699396952014,4.7031186876806235,9.296290013128685,-34.13170464537808,ok,
rms_matched_gaussian_prediction,8,timit,sample_006,20260912,0.005662233795578806,4.7031186876806235,9.443790440347959,-32.22158543785413,ok,
rms_matched_gaussian_prediction,8,timit,sample_007,20260908,0.010133707841432082,3.3086856937039393,6.7187437322355565,-28.215196971459516,ok,
rms_matched_gaussian_prediction,8,timit,sample_007,20260909,0.008710197179179587,3.3086856937039393,6.570944373975501,-28.775998040919756,ok,
rms_matched_gaussian_prediction,8,timit,sample_007,20260910,0.014221951668652347,3.3086856937039393,6.663482968448757,-26.70742093573921,ok,
rms_matched_gaussian_prediction,8,timit,sample_007,20260911,0.013729794671669106,3.3086856937039393,6.653834066117285,-26.854079237283507,ok,
rms_matched_gaussian_prediction,8,timit,sample_007,20260912,0.013887565509315367,3.3086856937039393,6.763478842536585,-26.875440152034358,ok,
rms_matched_gaussian_prediction,8,timit,sample_008,20260908,0.06350933380967123,13.913023487987573,27.785147330975676,-26.40975146802516,ok,
rms_matched_gaussian_prediction,8,timit,sample_008,20260909,0.08851255911468299,13.913023487987573,27.702654009059344,-24.95516480504226,ok,
rms_matched_gaussian_prediction,8,timit,sample_008,20260910,0.06341293309966443,13.913023487987573,27.897458270816,-26.4338679513337,ok,
rms_matched_gaussian_prediction,8,timit,sample_008,20260911,0.06982709010161935,13.913023487987573,27.81457351718836,-26.00248461152721,ok,
rms_matched_gaussian_prediction,8,timit,sample_008,20260912,0.08125107524355113,13.913023487987573,27.75003147906379,-25.33434363143583,ok,
rms_matched_gaussian_prediction,8,timit,sample_009,20260908,0.14588651739962996,18.480081968065797,36.652089198750694,-24.00083577875356,ok,
rms_matched_gaussian_prediction,8,timit,sample_009,20260909,0.14555189483509032,18.480081968065797,36.89280745599573,-24.03923841693281,ok,
rms_matched_gaussian_prediction,8,timit,sample_009,20260910,0.1461860293809437,18.480081968065797,36.970098316797305,-24.02944735307465,ok,
rms_matched_gaussian_prediction,8,timit,sample_009,20260911,0.18321688184724452,18.480081968065797,37.01961666491043,-23.054664297072485,ok,
rms_matched_gaussian_prediction,8,timit,sample_009,20260912,0.1608973776130823,18.480081968065797,37.25614425204826,-23.64648940664477,ok,
rms_matched_gaussian_prediction,8,timit,sample_010,20260908,0.00396560102842587,5.7365333919960175,11.47143748144966,-34.61308823951887,ok,
rms_matched_gaussian_prediction,8,timit,sample_010,20260909,0.0022047172980458798,5.7365333919960175,11.466669127590041,-37.16084371306725,ok,
rms_matched_gaussian_prediction,8,timit,sample_010,20260910,0.003837930505349319,5.7365333919960175,11.521467419730262,-34.7741068940261,ok,
rms_matched_gaussian_prediction,8,timit,sample_010,20260911,0.0015607505484250446,5.7365333919960175,11.438009312044844,-38.65016949297319,ok,
rms_matched_gaussian_prediction,8,timit,sample_010,20260912,0.0021748922612014154,5.7365333919960175,11.503803754632633,-37.234037162520714,ok,
rms_matched_gaussian_prediction,16,aishell1,sample_001,20260908,0.0031993206085182183,12.524359002117258,25.05075403606066,-38.93763039133808,ok,
rms_matched_gaussian_prediction,16,aishell1,sample_001,20260909,0.00616915206106421,12.524359002117258,24.982207875507488,-36.07405342571698,ok,
rms_matched_gaussian_prediction,16,aishell1,sample_001,20260910,0.006033682166805952,12.524359002117258,24.987920172721974,-36.17147680459131,ok,
rms_matched_gaussian_prediction,16,aishell1,sample_001,20260911,0.00438573259689045,12.524359002117258,24.999800091671567,-37.55894387076079,ok,
rms_matched_gaussian_prediction,16,aishell1,sample_001,20260912,0.004356086237418767,12.524359002117258,25.20245270143519,-37.62346339361212,ok,
rms_matched_gaussian_prediction,16,aishell1,sample_002,20260908,0.0025820756290207353,11.429580266176508,22.76658056937179,-39.453288478014905,ok,
rms_matched_gaussian_prediction,16,aishell1,sample_002,20260909,0.0010178136432201093,11.429580266176508,22.75059618879965,-43.49324513532575,ok,
rms_matched_gaussian_prediction,16,aishell1,sample_002,20260910,0.0008177052854258593,11.429580266176508,22.885467896406322,-44.46962990607617,ok,
rms_matched_gaussian_prediction,16,aishell1,sample_002,20260911,0.0022052833170441875,11.429580266176508,22.87886162675524,-40.159700194197285,ok,
rms_matched_gaussian_prediction,16,aishell1,sample_002,20260912,0.0015568803740221718,11.429580266176508,22.960813841471275,-41.687320332252106,ok,
rms_matched_gaussian_prediction,16,aishell1,sample_003,20260908,0.002293081629014348,8.288846235780127,16.566843117236687,-38.58820244443962,ok,
rms_matched_gaussian_prediction,16,aishell1,sample_003,20260909,0.0013970807680032647,8.288846235780127,16.679706800913145,-40.76966897683046,ok,
rms_matched_gaussian_prediction,16,aishell1,sample_003,20260910,0.0010311126362265066,8.288846235780127,16.50631597116076,-42.04344044744146,ok,
rms_matched_gaussian_prediction,16,aishell1,sample_003,20260911,0.0021224196889954167,8.288846235780127,16.52153482342332,-38.912191240960034,ok,
rms_matched_gaussian_prediction,16,aishell1,sample_003,20260912,0.0016425602947780587,8.288846235780127,16.566948936115036,-40.03721212847907,ok,
rms_matched_gaussian_prediction,16,aishell1,sample_004,20260908,0.011838626117365483,31.210938977077603,62.26203695352661,-37.2092201977487,ok,
rms_matched_gaussian_prediction,16,aishell1,sample_004,20260909,0.018004074036028023,31.210938977077603,62.48561811562866,-35.404092800837155,ok,
rms_matched_gaussian_prediction,16,aishell1,sample_004,20260910,0.013993534111498182,31.210938977077603,62.62300120356784,-36.508064664898924,ok,
rms_matched_gaussian_prediction,16,aishell1,sample_004,20260911,0.023728185351559787,31.210938977077603,62.18287922057934,-34.184063008917505,ok,
rms_matched_gaussian_prediction,16,aishell1,sample_004,20260912,0.01710322136551658,31.210938977077603,62.81322159763071,-35.649731514781756,ok,
rms_matched_gaussian_prediction,16,aishell1,sample_005,20260908,0.005923660040703071,13.10559475293931,26.209771380719914,-36.458731063095826,ok,
rms_matched_gaussian_prediction,16,aishell1,sample_005,20260909,0.00575685587062002,13.10559475293931,26.199389192299915,-36.58105809762312,ok,
rms_matched_gaussian_prediction,16,aishell1,sample_005,20260910,0.005980856576848937,13.10559475293931,26.250826822465275,-36.42379598866163,ok,
rms_matched_gaussian_prediction,16,aishell1,sample_005,20260911,0.004658258991878282,13.10559475293931,26.40023346769838,-37.533841364708266,ok,
rms_matched_gaussian_prediction,16,aishell1,sample_005,20260912,0.004387735989461103,13.10559475293931,26.034002466978308,-37.7330045342371,ok,
rms_matched_gaussian_prediction,16,aishell1,sample_006,20260908,0.012697476071010811,52.96959047746651,105.94344018916603,-39.213566681261675,ok,
rms_matched_gaussian_prediction,16,aishell1,sample_006,20260909,0.014367092134095857,52.96959047746651,105.15055212896353,-38.64442680570664,ok,
rms_matched_gaussian_prediction,16,aishell1,sample_006,20260910,0.01889492420097384,52.96959047746651,105.79924759102626,-37.48137425092237,ok,
rms_matched_gaussian_prediction,16,aishell1,sample_006,20260911,0.016996447476086186,52.96959047746651,106.086843046032,-37.95303369243075,ok,
rms_matched_gaussian_prediction,16,aishell1,sample_006,20260912,0.012596584144791879,52.96959047746651,105.42082795147523,-39.22673630622492,ok,
rms_matched_gaussian_prediction,16,aishell1,sample_007,20260908,0.006917261779653639,14.65961272420519,29.210964164201968,-36.25611680268433,ok,
rms_matched_gaussian_prediction,16,aishell1,sample_007,20260909,0.01073956689443187,14.65961272420519,29.36380052760685,-34.368254976699085,ok,
rms_matched_gaussian_prediction,16,aishell1,sample_007,20260910,0.00881956922813669,14.65961272420519,29.354189763080765,-35.222227238750364,ok,
rms_matched_gaussian_prediction,16,aishell1,sample_007,20260911,0.009635327743746152,14.65961272420519,29.31072636284395,-34.83160089299123,ok,
rms_matched_gaussian_prediction,16,aishell1,sample_007,20260912,0.012335440539490174,14.65961272420519,29.363646560268204,-33.76655323749095,ok,
rms_matched_gaussian_prediction,16,aishell1,sample_008,20260908,0.00703905672829389,17.379378881810364,34.88486537835589,-36.95122586072862,ok,
rms_matched_gaussian_prediction,16,aishell1,sample_008,20260909,0.014104817823540073,17.379378881810364,34.568459102065724,-33.893125399329385,ok,
rms_matched_gaussian_prediction,16,aishell1,sample_008,20260910,0.009074669089566181,17.379378881810364,34.84028516917492,-35.842509036976665,ok,
rms_matched_gaussian_prediction,16,aishell1,sample_008,20260911,0.007882045410059029,17.379378881810364,34.70129289710106,-36.43706723339899,ok,
rms_matched_gaussian_prediction,16,aishell1,sample_008,20260912,0.00943468633238451,17.379378881810364,34.59678979835255,-35.64308336771062,ok,
rms_matched_gaussian_prediction,16,aishell1,sample_009,20260908,0.0036417102439674533,8.305825244662511,16.635480652343908,-36.5972996563342,ok,
rms_matched_gaussian_prediction,16,aishell1,sample_009,20260909,0.0030065652726590565,8.305825244662511,16.72933126931102,-37.45407944039182,ok,
rms_matched_gaussian_prediction,16,aishell1,sample_009,20260910,0.0067444092091598525,8.305825244662511,16.454432532555725,-33.87338996492882,ok,
rms_matched_gaussian_prediction,16,aishell1,sample_009,20260911,0.000985344320638349,8.305825244662511,16.63550191400285,-42.27447890443087,ok,
rms_matched_gaussian_prediction,16,aishell1,sample_009,20260912,0.002534522031598556,8.305825244662511,16.50410988855008,-38.13696035720063,ok,
rms_matched_gaussian_prediction,16,aishell1,sample_010,20260908,0.0028347287673164247,7.226756464821024,14.460069479200632,-37.07658868525495,ok,
rms_matched_gaussian_prediction,16,aishell1,sample_010,20260909,0.0032701938986726916,7.226756464821024,14.343255470728899,-36.4207422973921,ok,
rms_matched_gaussian_prediction,16,aishell1,sample_010,20260910,0.004584951610453388,7.226756464821024,14.467239795250434,-34.990509233920434,ok,
rms_matched_gaussian_prediction,16,aishell1,sample_010,20260911,0.00330450961626891,7.226756464821024,14.407910351579165,-36.39493977411392,ok,
rms_matched_gaussian_prediction,16,aishell1,sample_010,20260912,0.003156733401619408,7.226756464821024,14.478731568144118,-36.614926107574625,ok,
rms_matched_gaussian_prediction,16,librispeech_test_clean,sample_001,20260908,0.19581819599761124,394.98774570203375,792.3348125722637,-36.07055692555838,ok,
rms_matched_gaussian_prediction,16,librispeech_test_clean,sample_001,20260909,0.183644666030431,394.98774570203375,787.4628386615784,-36.32251749295855,ok,
rms_matched_gaussian_prediction,16,librispeech_test_clean,sample_001,20260910,0.13865302984876993,394.98774570203375,789.0493322699351,-37.551747924153865,ok,
rms_matched_gaussian_prediction,16,librispeech_test_clean,sample_001,20260911,0.2041840784336825,394.98774570203375,785.211882670033,-35.8496498889278,ok,
rms_matched_gaussian_prediction,16,librispeech_test_clean,sample_001,20260912,0.1724141783411739,394.98774570203375,791.0903714243593,-36.61653121812358,ok,
rms_matched_gaussian_prediction,16,librispeech_test_clean,sample_002,20260908,0.24337189016434665,62.79665821822091,124.11020509753158,-27.075370782088157,ok,
rms_matched_gaussian_prediction,16,librispeech_test_clean,sample_002,20260909,0.25990239370261786,62.79665821822091,124.33162233459431,-26.79771321178881,ok,
rms_matched_gaussian_prediction,16,librispeech_test_clean,sample_002,20260910,0.21168247117426298,62.79665821822091,126.3875336486741,-27.760193422061125,ok,
rms_matched_gaussian_prediction,16,librispeech_test_clean,sample_002,20260911,0.2485026799916107,62.79665821822091,125.13306197465542,-27.020409950021516,ok,
rms_matched_gaussian_prediction,16,librispeech_test_clean,sample_002,20260912,0.3899359144472454,62.79665821822091,126.08377240813958,-25.09665957311524,ok,
rms_matched_gaussian_prediction,16,librispeech_test_clean,sample_003,20260908,0.13035506889821638,671.0116254218816,1345.2232534598572,-40.13666442384762,ok,
rms_matched_gaussian_prediction,16,librispeech_test_clean,sample_003,20260909,0.13587360924904426,671.0116254218816,1338.983586260177,-39.936401414615325,ok,
rms_matched_gaussian_prediction,16,librispeech_test_clean,sample_003,20260910,0.18889360955080192,671.0116254218816,1342.6363546612047,-38.51741136850854,ok,
rms_matched_gaussian_prediction,16,librispeech_test_clean,sample_003,20260911,0.1415544879426418,671.0116254218816,1343.1901733300756,-39.77213862779615,ok,
rms_matched_gaussian_prediction,16,librispeech_test_clean,sample_003,20260912,0.1065231845113514,671.0116254218816,1342.1717454371062,-41.00363950878155,ok,
rms_matched_gaussian_prediction,16,librispeech_test_clean,sample_004,20260908,0.5042985720602033,102.12200125970605,203.72669420911808,-26.06360199681152,ok,
rms_matched_gaussian_prediction,16,librispeech_test_clean,sample_004,20260909,0.5952863441426023,102.12200125970605,205.1326474665234,-25.37308865158711,ok,
rms_matched_gaussian_prediction,16,librispeech_test_clean,sample_004,20260910,0.5178108861289961,102.12200125970605,204.47899441145523,-25.964775241779133,ok,
rms_matched_gaussian_prediction,16,librispeech_test_clean,sample_004,20260911,0.6438586572608818,102.12200125970605,204.11226412720387,-25.01078560621255,ok,
rms_matched_gaussian_prediction,16,librispeech_test_clean,sample_004,20260912,0.490290280610473,102.12200125970605,204.2472413771348,-26.197029155467078,ok,
rms_matched_gaussian_prediction,16,librispeech_test_clean,sample_005,20260908,0.206177209012284,481.52606119897007,959.3393522852807,-36.67731603323017,ok,
rms_matched_gaussian_prediction,16,librispeech_test_clean,sample_005,20260909,0.19509104221499116,481.52606119897007,962.8284026317427,-36.933115642924264,ok,
rms_matched_gaussian_prediction,16,librispeech_test_clean,sample_005,20260910,0.17063094917105306,481.52606119897007,964.7779586698631,-37.52369566370324,ok,
rms_matched_gaussian_prediction,16,librispeech_test_clean,sample_005,20260911,0.13042071778339687,481.52606119897007,964.4074327433761,-38.68913962786546,ok,
rms_matched_gaussian_prediction,16,librispeech_test_clean,sample_005,20260912,0.1791807184789897,481.52606119897007,960.3600306746581,-37.291428031182114,ok,
rms_matched_gaussian_prediction,16,librispeech_test_clean,sample_006,20260908,0.12751588195450864,335.38480363295423,670.6906518896661,-37.20957974156996,ok,
rms_matched_gaussian_prediction,16,librispeech_test_clean,sample_006,20260909,0.2084476415517146,335.38480363295423,671.6742343853504,-35.08161703223275,ok,
rms_matched_gaussian_prediction,16,librispeech_test_clean,sample_006,20260910,0.20517611196218088,335.38480363295423,671.5906577784307,-35.14977850431616,ok,
rms_matched_gaussian_prediction,16,librispeech_test_clean,sample_006,20260911,0.14284695593768004,335.38480363295423,670.7226316412092,-36.71671970604624,ok,
rms_matched_gaussian_prediction,16,librispeech_test_clean,sample_006,20260912,0.19517217902204606,335.38480363295423,670.9584061786078,-35.362776874876864,ok,
rms_matched_gaussian_prediction,16,librispeech_test_clean,sample_007,20260908,0.10395602372690521,141.20037040354714,281.48643647740244,-34.326078134855884,ok,
rms_matched_gaussian_prediction,16,librispeech_test_clean,sample_007,20260909,0.14729903713892017,141.20037040354714,283.54015360363303,-32.84414662328158,ok,
rms_matched_gaussian_prediction,16,librispeech_test_clean,sample_007,20260910,0.13157317248147532,141.20037040354714,284.0207486181411,-33.34182721305245,ok,
rms_matched_gaussian_prediction,16,librispeech_test_clean,sample_007,20260911,0.04518866373491872,141.20037040354714,279.6616399309302,-37.91603400924846,ok,
rms_matched_gaussian_prediction,16,librispeech_test_clean,sample_007,20260912,0.15102910173330011,141.20037040354714,282.473448953435,-32.71916993255233,ok,
rms_matched_gaussian_prediction,16,librispeech_test_clean,sample_008,20260908,0.4103935082802745,353.10366876973774,705.9847659884214,-32.35594847411959,ok,
rms_matched_gaussian_prediction,16,librispeech_test_clean,sample_008,20260909,0.3384334840764463,353.10366876973774,706.9492551628738,-33.19914916338951,ok,
rms_matched_gaussian_prediction,16,librispeech_test_clean,sample_008,20260910,0.32404527295454605,353.10366876973774,702.4281208737397,-33.35996199189725,ok,
rms_matched_gaussian_prediction,16,librispeech_test_clean,sample_008,20260911,0.2862539570846569,353.10366876973774,704.9787722899025,-33.9142454114779,ok,
rms_matched_gaussian_prediction,16,librispeech_test_clean,sample_008,20260912,0.3136499664128567,353.10366876973774,706.2361838798323,-33.52504719425901,ok,
rms_matched_gaussian_prediction,16,librispeech_test_clean,sample_009,20260908,0.0761671475237025,235.16117327686635,468.99596462554763,-37.89401414457615,ok,
rms_matched_gaussian_prediction,16,librispeech_test_clean,sample_009,20260909,0.04610814636292941,235.16117327686635,472.2106623412573,-40.10358125963641,ok,
rms_matched_gaussian_prediction,16,librispeech_test_clean,sample_009,20260910,0.037771786170484496,235.16117327686635,469.24521519134265,-40.942323304415815,ok,
rms_matched_gaussian_prediction,16,librispeech_test_clean,sample_009,20260911,0.04510099632229899,235.16117327686635,469.54175804651226,-40.17488085742208,ok,
rms_matched_gaussian_prediction,16,librispeech_test_clean,sample_009,20260912,0.08658119651847494,235.16117327686635,473.2835488242219,-37.37697825496809,ok,
rms_matched_gaussian_prediction,16,librispeech_test_clean,sample_010,20260908,0.043516455783674524,55.630606516055934,111.66669967015851,-34.09270163833599,ok,
rms_matched_gaussian_prediction,16,librispeech_test_clean,sample_010,20260909,0.05791292661835297,55.630606516055934,111.31665450364173,-32.83784633146233,ok,
rms_matched_gaussian_prediction,16,librispeech_test_clean,sample_010,20260910,0.08964589851417407,55.630606516055934,111.92685902984016,-30.96403891970512,ok,
rms_matched_gaussian_prediction,16,librispeech_test_clean,sample_010,20260911,0.10023170241505107,55.630606516055934,111.3242500505422,-30.455846713070088,ok,
rms_matched_gaussian_prediction,16,librispeech_test_clean,sample_010,20260912,0.0698541399310745,55.630606516055934,111.4014144497479,-32.026985552151515,ok,
rms_matched_gaussian_prediction,16,timit,sample_001,20260908,0.07623380397897425,40.28695414913285,80.20645467769751,-30.22061728770888,ok,
rms_matched_gaussian_prediction,16,timit,sample_001,20260909,0.06982494083860558,40.28695414913285,80.52340648626776,-30.619115627192333,ok,
rms_matched_gaussian_prediction,16,timit,sample_001,20260910,0.06704833412928321,40.28695414913285,80.38575070426307,-30.787910799693144,ok,
rms_matched_gaussian_prediction,16,timit,sample_001,20260911,0.07486025551661521,40.28695414913285,80.65759522132214,-30.323939643813542,ok,
rms_matched_gaussian_prediction,16,timit,sample_001,20260912,0.07669278498573855,40.28695414913285,80.85309608414559,-30.229421460461214,ok,
rms_matched_gaussian_prediction,16,timit,sample_002,20260908,0.043135399864399425,15.278584015351486,30.54398687980219,-28.500918961931994,ok,
rms_matched_gaussian_prediction,16,timit,sample_002,20260909,0.03647409899128533,15.278584015351486,30.650684472457623,-29.24455604899436,ok,
rms_matched_gaussian_prediction,16,timit,sample_002,20260910,0.04710293186554221,15.278584015351486,30.567211852367222,-28.12207886819287,ok,
rms_matched_gaussian_prediction,16,timit,sample_002,20260911,0.04851411974885145,15.278584015351486,30.605960253138665,-27.99937854052578,ok,
rms_matched_gaussian_prediction,16,timit,sample_002,20260912,0.031064068230964203,15.278584015351486,30.220807738892873,-29.88047736476804,ok,
rms_matched_gaussian_prediction,16,timit,sample_003,20260908,0.014965336505850071,7.406619209070241,14.84638932072035,-29.965343582587785,ok,
rms_matched_gaussian_prediction,16,timit,sample_003,20260909,0.014178414813765383,7.406619209070241,14.787180304034537,-30.182576901151133,ok,
rms_matched_gaussian_prediction,16,timit,sample_003,20260910,0.012957903099028166,7.406619209070241,14.931573666702176,-30.615708533100587,ok,
rms_matched_gaussian_prediction,16,timit,sample_003,20260911,0.01824185828184937,7.406619209070241,14.745751621655533,-29.075978368841643,ok,
rms_matched_gaussian_prediction,16,timit,sample_003,20260912,0.017280880970803294,7.406619209070241,14.840020297431227,-29.338686160983052,ok,
rms_matched_gaussian_prediction,16,timit,sample_004,20260908,0.030860169457620205,4.672993168401532,9.38458176676739,-24.83016616101488,ok,
rms_matched_gaussian_prediction,16,timit,sample_004,20260909,0.034776122532258716,4.672993168401532,9.314475865735194,-24.278772643463796,ok,
rms_matched_gaussian_prediction,16,timit,sample_004,20260910,0.03399361038777852,4.672993168401532,9.279038786700347,-24.36105697570186,ok,
rms_matched_gaussian_prediction,16,timit,sample_004,20260911,0.03973439454458275,4.672993168401532,9.391622558365565,-23.73574030490158,ok,
rms_matched_gaussian_prediction,16,timit,sample_004,20260912,0.022787983734213355,4.672993168401532,9.338857175179754,-26.125878327138036,ok,
rms_matched_gaussian_prediction,16,timit,sample_005,20260908,0.015242374020658195,3.1687300924545587,6.373206693352919,-26.213053893160655,ok,
rms_matched_gaussian_prediction,16,timit,sample_005,20260909,0.020881223026329918,3.1687300924545587,6.335431405184371,-24.820202611005246,ok,
rms_matched_gaussian_prediction,16,timit,sample_005,20260910,0.021479122245770733,3.1687300924545587,6.32735804505757,-24.692058807311206,ok,
rms_matched_gaussian_prediction,16,timit,sample_005,20260911,0.025174762794426944,3.1687300924545587,6.362198998404283,-24.0264186176702,ok,
rms_matched_gaussian_prediction,16,timit,sample_005,20260912,0.020589390277490346,3.1687300924545587,6.310003761095578,-24.86386132227308,ok,
rms_matched_gaussian_prediction,16,timit,sample_006,20260908,0.024092049698056082,4.7031186876806235,9.396530470929152,-25.91093776023566,ok,
rms_matched_gaussian_prediction,16,timit,sample_006,20260909,0.027102768444950028,4.7031186876806235,9.505124348343715,-25.449441480949133,ok,
rms_matched_gaussian_prediction,16,timit,sample_006,20260910,0.027581968152893762,4.7031186876806235,9.400791965896833,-25.32539189404631,ok,
rms_matched_gaussian_prediction,16,timit,sample_006,20260911,0.024833113937413578,4.7031186876806235,9.416644783074737,-25.788650070159854,ok,
rms_matched_gaussian_prediction,16,timit,sample_006,20260912,0.021785534692840443,4.7031186876806235,9.41639578633875,-26.357164807977206,ok,
rms_matched_gaussian_prediction,16,timit,sample_007,20260908,0.04947406757571195,3.3086856937039393,6.617034386629724,-21.26285773605824,ok,
rms_matched_gaussian_prediction,16,timit,sample_007,20260909,0.04374760289271393,3.3086856937039393,6.603287617388341,-21.788059528404773,ok,
rms_matched_gaussian_prediction,16,timit,sample_007,20260910,0.03551357628281866,3.3086856937039393,6.557582804592469,-22.663493744919244,ok,
rms_matched_gaussian_prediction,16,timit,sample_007,20260911,0.05224369110008439,3.3086856937039393,6.573313547642935,-20.99750495703095,ok,
rms_matched_gaussian_prediction,16,timit,sample_007,20260912,0.04405540500459666,3.3086856937039393,6.59763892433433,-21.75389345677928,ok,
rms_matched_gaussian_prediction,16,timit,sample_008,20260908,0.11608591123256504,13.913023487987573,27.835780304655827,-23.79823885357066,ok,
rms_matched_gaussian_prediction,16,timit,sample_008,20260909,0.13064544144139809,13.913023487987573,27.95636800017043,-23.3038648795163,ok,
rms_matched_gaussian_prediction,16,timit,sample_008,20260910,0.11362418994678324,13.913023487987573,27.76222950790562,-23.879835401138763,ok,
rms_matched_gaussian_prediction,16,timit,sample_008,20260911,0.11448648764626576,13.913023487987573,27.691408407467094,-23.835908131047773,ok,
rms_matched_gaussian_prediction,16,timit,sample_008,20260912,0.12911800248728814,13.913023487987573,27.99024282014259,-23.360198673561577,ok,
rms_matched_gaussian_prediction,16,timit,sample_009,20260908,0.17072876835448453,18.480081968065797,37.00427199168463,-23.35945157160369,ok,
rms_matched_gaussian_prediction,16,timit,sample_009,20260909,0.19029755695321993,18.480081968065797,37.13200301774416,-22.90315164239566,ok,
rms_matched_gaussian_prediction,16,timit,sample_009,20260910,0.19572975493857694,18.480081968065797,37.17720501563548,-22.786198840287653,ok,
rms_matched_gaussian_prediction,16,timit,sample_009,20260911,0.17077890550756045,18.480081968065797,37.17255605155784,-23.377881990753487,ok,
rms_matched_gaussian_prediction,16,timit,sample_009,20260912,0.16862498961286146,18.480081968065797,37.13450975972797,-23.428557589147182,ok,
rms_matched_gaussian_prediction,16,timit,sample_010,20260908,0.004884336233145666,5.7365333919960175,11.538799933195106,-33.73355090535007,ok,
rms_matched_gaussian_prediction,16,timit,sample_010,20260909,0.004882735638325085,5.7365333919960175,11.480653597026201,-33.71303401895716,ok,
rms_matched_gaussian_prediction,16,timit,sample_010,20260910,0.0048727091412151795,5.7365333919960175,11.517009203211916,-33.73569225278298,ok,
rms_matched_gaussian_prediction,16,timit,sample_010,20260911,0.005281967757210941,5.7365333919960175,11.506669431731295,-33.38153890793588,ok,
rms_matched_gaussian_prediction,16,timit,sample_010,20260912,0.007601474618511342,5.7365333919960175,11.461430149983393,-31.78340962222491,ok,
